-- MariaDB dump 10.19  Distrib 10.4.21-MariaDB, for osx10.10 (x86_64)
--
-- Host: database-2.ck0x1yxnzx9p.ap-southeast-1.rds.amazonaws.com    Database: document_management
-- ------------------------------------------------------
-- Server version	8.0.33

/*!40101 SET @OLD_CHARACTER_SET_CLIENT=@@CHARACTER_SET_CLIENT */;
/*!40101 SET @OLD_CHARACTER_SET_RESULTS=@@CHARACTER_SET_RESULTS */;
/*!40101 SET @OLD_COLLATION_CONNECTION=@@COLLATION_CONNECTION */;
/*!40101 SET NAMES utf8mb4 */;
/*!40103 SET @OLD_TIME_ZONE=@@TIME_ZONE */;
/*!40103 SET TIME_ZONE='+00:00' */;
/*!40014 SET @OLD_UNIQUE_CHECKS=@@UNIQUE_CHECKS, UNIQUE_CHECKS=0 */;
/*!40014 SET @OLD_FOREIGN_KEY_CHECKS=@@FOREIGN_KEY_CHECKS, FOREIGN_KEY_CHECKS=0 */;
/*!40101 SET @OLD_SQL_MODE=@@SQL_MODE, SQL_MODE='NO_AUTO_VALUE_ON_ZERO' */;
/*!40111 SET @OLD_SQL_NOTES=@@SQL_NOTES, SQL_NOTES=0 */;

--
-- Table structure for table `department`
--

DROP TABLE IF EXISTS `department`;
/*!40101 SET @saved_cs_client     = @@character_set_client */;
/*!40101 SET character_set_client = utf8 */;
CREATE TABLE `department` (
  `id` int NOT NULL AUTO_INCREMENT,
  `name` varchar(255) NOT NULL,
  `description` varchar(300) DEFAULT NULL,
  PRIMARY KEY (`id`)
) ENGINE=InnoDB AUTO_INCREMENT=4 DEFAULT CHARSET=utf8mb4 COLLATE=utf8mb4_0900_ai_ci;
/*!40101 SET character_set_client = @saved_cs_client */;

--
-- Dumping data for table `department`
--

LOCK TABLES `department` WRITE;
/*!40000 ALTER TABLE `department` DISABLE KEYS */;
INSERT INTO `department` VALUES (1,'Development','Description 1'),(2,'Operation','Description 2'),(3,'Department 3','Description 3');
/*!40000 ALTER TABLE `department` ENABLE KEYS */;
UNLOCK TABLES;

--
-- Table structure for table `document`
--

DROP TABLE IF EXISTS `document`;
/*!40101 SET @saved_cs_client     = @@character_set_client */;
/*!40101 SET character_set_client = utf8 */;
CREATE TABLE `document` (
  `id` int NOT NULL AUTO_INCREMENT,
  `department_id` int DEFAULT NULL,
  `name` varchar(30) DEFAULT NULL,
  `description` varchar(300) DEFAULT NULL,
  `create_time` date DEFAULT NULL,
  `is_deleted` tinyint(1) DEFAULT NULL,
  `date_deleted` date DEFAULT NULL,
  PRIMARY KEY (`id`),
  KEY `fk_dep_id_document` (`department_id`),
  CONSTRAINT `fk_dep_id_document` FOREIGN KEY (`department_id`) REFERENCES `department` (`id`)
) ENGINE=InnoDB AUTO_INCREMENT=31 DEFAULT CHARSET=utf8mb4 COLLATE=utf8mb4_0900_ai_ci;
/*!40101 SET character_set_client = @saved_cs_client */;

--
-- Dumping data for table `document`
--

LOCK TABLES `document` WRITE;
/*!40000 ALTER TABLE `document` DISABLE KEYS */;
INSERT INTO `document` VALUES (1,1,'hello12345678','1233455','2023-11-08',1,'2023-11-08'),(2,2,'Product Specifications','Detailed specifications for a new product, including features and technical requirements.','2023-11-11',0,NULL),(3,3,'Equilibrium Essentials','Dive into the essentials of workplace harmony with Equilibrium Essentials. This document encapsulates fundamental policies',NULL,0,NULL),(4,1,'Pulse Protocol Guide','Explore the Pulse Protocol Guide, a comprehensive resource outlining the heartbeat of our organization. From professional conduct to well-being initiatives, this guide ensures employees sync with the organization\'s pulsating rhythm.\n','2023-11-04',1,'2023-11-08'),(5,2,'Navigate to Success Handbook','Chart your course to success with the Navigate to Success Handbook.','2023-11-11',0,NULL),(6,3,'Unity Blueprint','Explore the Unity Blueprint',NULL,0,NULL),(7,1,'Document 7','Description 7','2023-11-07',1,'2023-11-09'),(8,2,'Training Manual','Manual for employee training, covering processes, procedures, and best practices.','2023-11-11',0,NULL),(9,2,'Financial Report','Detailed financial report for the fiscal year, including income statements and balance sheets.','2023-11-11',0,NULL),(10,1,'Innovation Atlas Guide','Explore the organizational landscape of innovation with the Innovation Atlas Guide. Covering policies','2023-11-09',0,NULL),(11,1,'123123','12412412312','2023-11-08',1,'2023-11-11'),(12,1,'document 12','document','2023-11-09',1,'2023-11-09'),(13,1,'Employee Handbook','This document outlines the policies, procedures, and expectations for all employees within the organization. It covers topics such as code of conduct, benefits, and workplace safety.','2023-11-11',0,NULL),(14,1,'Workplace Guidelines Handbook','Navigate through this handbook for a comprehensive understanding of the organization\'s policies, procedures, and expectations. Covering areas such as professional conduct, employee benefits, and workplace safety, it serves as a crucial reference for all team members.','2023-11-11',0,NULL),(15,1,'Onboarding Manual','This comprehensive manual serves as a guide for new employees, providing insights into organizational policies, procedures, and expectations. It covers essential topics such as code of conduct, benefits, and workplace safety, ensuring a smooth onboarding experience.','2023-11-11',0,NULL),(16,1,'Corporate Codebook','Explore the Corporate Codebook for a detailed overview of company policies, procedures, and expectations. This document delves into the code of conduct, employee benefits, and workplace safety protocols, serving as a vital resource for fostering a positive and compliant work environment.','2023-11-10',0,NULL),(17,1,'Organizational Handbook\n','Dive into the heart of our organization with the Organizational Handbook. This comprehensive guide outlines our policies, procedures, and expectations, covering everything from professional conduct to employee benefits and workplace safety. A must-read for every member of our dynamic team.','2023-11-10',0,NULL),(18,1,'Prosperity Playbook','Uncover the keys to professional prosperity in our organization with the Prosperity Playbook. From codes of conduct to career growth opportunities, this document serves as a playbook for employees aiming to thrive in their role','2023-11-10',0,NULL),(19,1,'Insight Handbook','Gain valuable insights into our organization through the Insight Handbook','2023-11-10',0,NULL),(20,1,'Nexus Navigator','Navigate the organization seamlessly with the Nexus Navigator. This comprehensive guide encompasses our policies, benefits, and safety procedures, serving as a central point of reference for employees on their professional journey','2023-11-10',0,NULL),(21,1,'Synergy Handbook','Delve into the Synergy Handbook, your go-to resource for understanding the collaborative spirit of our organization. From conduct guidelines to wellness initiatives, this document reflects our dedication to fostering synergy among team members.','2023-11-10',0,NULL),(22,1,'Unity Codebook','Journey through the Unity Codebook, a guide that unifies our workforce through shared values. Covering conduct, benefits, and safety measures, this document reinforces our commitment to a cohesive and collaborative workplace.','2023-11-11',1,'2023-11-11'),(23,1,'Corporate Compass','Find your direction within the organization through the Corporate Compass. This document outlines our path','2023-11-11',0,NULL),(24,1,'Workplace Wisdom Guide','Explore the Workplace Wisdom Guide for a deep dive into our organizational ethos. Focused on promoting wisdom in the workplace, this document outlines our principles, benefits, and safety measures for a harmonious work environment.','2023-11-10',0,NULL),(25,1,'Harmony Handbook','Immerse yourself in the Harmony Handbook','2023-11-11',0,NULL),(26,1,'Inclusivity Insight Handbook','Gain insights into the inclusive culture of our organization with the Inclusivity Insight Handbook. This document details policies, benefits, and safety measures, serving as a guide for employees on the path to fostering inclusivity.\n','2023-11-11',0,NULL),(27,1,'heheh','ehehe','2023-11-11',1,'2023-11-11'),(28,1,'Digital Watermarking','Digital Watermarking for Database Security','2023-11-11',0,NULL),(29,1,'nw','ewjkhasf','2023-11-11',0,NULL),(30,1,'dsdsdd','dsdsds','2023-11-11',0,NULL);
/*!40000 ALTER TABLE `document` ENABLE KEYS */;
UNLOCK TABLES;

--
-- Table structure for table `roles`
--

DROP TABLE IF EXISTS `roles`;
/*!40101 SET @saved_cs_client     = @@character_set_client */;
/*!40101 SET character_set_client = utf8 */;
CREATE TABLE `roles` (
  `id` int NOT NULL AUTO_INCREMENT,
  `role` varchar(20) NOT NULL,
  PRIMARY KEY (`id`)
) ENGINE=InnoDB AUTO_INCREMENT=3 DEFAULT CHARSET=utf8mb4 COLLATE=utf8mb4_0900_ai_ci;
/*!40101 SET character_set_client = @saved_cs_client */;

--
-- Dumping data for table `roles`
--

LOCK TABLES `roles` WRITE;
/*!40000 ALTER TABLE `roles` DISABLE KEYS */;
INSERT INTO `roles` VALUES (1,'ADMIN'),(2,'EMPLOYEE');
/*!40000 ALTER TABLE `roles` ENABLE KEYS */;
UNLOCK TABLES;

--
-- Table structure for table `token`
--

DROP TABLE IF EXISTS `token`;
/*!40101 SET @saved_cs_client     = @@character_set_client */;
/*!40101 SET character_set_client = utf8 */;
CREATE TABLE `token` (
  `id` int NOT NULL AUTO_INCREMENT,
  `token` varchar(255) NOT NULL,
  `token_type_id` int NOT NULL,
  `revoked` tinyint(1) DEFAULT NULL,
  `expired` tinyint(1) DEFAULT NULL,
  `user_id` int NOT NULL,
  `token_category_id` int NOT NULL,
  PRIMARY KEY (`id`),
  UNIQUE KEY `token` (`token`),
  KEY `fk_token_type_id` (`token_type_id`),
  KEY `fk_token_user_id` (`user_id`),
  KEY `fk_token_category_id` (`token_category_id`),
  CONSTRAINT `fk_token_category_id` FOREIGN KEY (`token_category_id`) REFERENCES `token_category` (`id`),
  CONSTRAINT `fk_token_type_id` FOREIGN KEY (`token_type_id`) REFERENCES `token_type` (`id`),
  CONSTRAINT `fk_token_user_id` FOREIGN KEY (`user_id`) REFERENCES `users` (`id`)
) ENGINE=InnoDB AUTO_INCREMENT=351 DEFAULT CHARSET=utf8mb4 COLLATE=utf8mb4_0900_ai_ci;
/*!40101 SET character_set_client = @saved_cs_client */;

--
-- Dumping data for table `token`
--

LOCK TABLES `token` WRITE;
/*!40000 ALTER TABLE `token` DISABLE KEYS */;
INSERT INTO `token` VALUES (1,'eyJhbGciOiJIUzI1NiJ9.eyJyb2xlcyI6WyJFTVBMT1lFRSJdLCJ1c2VySWQiOiIxIiwic3ViIjoiYmFvdGluZGVwdHJhaSIsImlhdCI6MTY5OTM3MzIzMSwiZXhwIjoxNjk5Mzc0MTMxfQ.LHN2h7SYwsb8shdcdW5QyBi-n4rsMYnXc-zvIJi-Iu0',1,1,1,1,1),(2,'eyJhbGciOiJIUzI1NiJ9.eyJyb2xlcyI6WyJFTVBMT1lFRSJdLCJ1c2VySWQiOiIxIiwic3ViIjoiYmFvdGluZGVwdHJhaSIsImlhdCI6MTY5OTM3MzIzMSwiZXhwIjoxNjk5OTc4MDMxfQ.daGfqwaA-Ydjlq0aRusIE5QzMN6w2L27BBGJeJO8Qqw',1,1,1,1,2),(3,'eyJhbGciOiJIUzI1NiJ9.eyJyb2xlcyI6WyJFTVBMT1lFRSJdLCJ1c2VySWQiOiIxIiwic3ViIjoiYmFvdGluZGVwdHJhaSIsImlhdCI6MTY5OTM3MzczNSwiZXhwIjoxNjk5Mzc0NjM1fQ.xfSH18yQ8-6PRpJCuIseoILLeCnbC-PQbxUiBl7Eve0',1,1,1,1,1),(4,'eyJhbGciOiJIUzI1NiJ9.eyJyb2xlcyI6WyJFTVBMT1lFRSJdLCJ1c2VySWQiOiIxIiwic3ViIjoiYmFvdGluZGVwdHJhaSIsImlhdCI6MTY5OTM3MzczNSwiZXhwIjoxNjk5OTc4NTM1fQ.Ho4m97N63p11tvBfHwx0njp6xqiofYu6LyT6HM_6xoY',1,1,1,1,2),(5,'eyJhbGciOiJIUzI1NiJ9.eyJyb2xlcyI6WyJFTVBMT1lFRSJdLCJ1c2VySWQiOiIyIiwic3ViIjoiY2hpbmgiLCJpYXQiOjE2OTkzNzQzMzQsImV4cCI6MTY5OTM3NTIzNH0.vod2WW5OSf9EHgi-jMpS8VS21SS44Sok1wY5VlKUEnQ',1,1,1,2,1),(6,'eyJhbGciOiJIUzI1NiJ9.eyJyb2xlcyI6WyJFTVBMT1lFRSJdLCJ1c2VySWQiOiIyIiwic3ViIjoiY2hpbmgiLCJpYXQiOjE2OTkzNzQzMzQsImV4cCI6MTY5OTk3OTEzNH0.Sz_F4VN4OICfDgU3nlpzX--JhR-UX2lvd2-BVq_d-zQ',1,1,1,2,2),(7,'eyJhbGciOiJIUzI1NiJ9.eyJyb2xlcyI6WyJFTVBMT1lFRSJdLCJ1c2VySWQiOiIyIiwic3ViIjoiY2hpbmgiLCJpYXQiOjE2OTkzNzQzMzksImV4cCI6MTY5OTM3NTIzOX0.IOXI078n9qiUJEfL-qn4Bc6FQMBOSd9H0utJjWikSuY',1,1,1,2,1),(8,'eyJhbGciOiJIUzI1NiJ9.eyJyb2xlcyI6WyJFTVBMT1lFRSJdLCJ1c2VySWQiOiIyIiwic3ViIjoiY2hpbmgiLCJpYXQiOjE2OTkzNzQzMzksImV4cCI6MTY5OTk3OTEzOX0.toeSQF5u6IMRJzlp9a3GgZVgTHrGVtHwoleTMZB0ams',1,1,1,2,2),(9,'eyJhbGciOiJIUzI1NiJ9.eyJyb2xlcyI6WyJFTVBMT1lFRSJdLCJ1c2VySWQiOiIyIiwic3ViIjoiY2hpbmgiLCJpYXQiOjE2OTkzNzQ0NDYsImV4cCI6MTY5OTM3NTM0Nn0.G5fhRH0TBWDN6hXfajAcjD0wvbF1S1sh-09RnQZIZqA',1,1,1,2,1),(10,'eyJhbGciOiJIUzI1NiJ9.eyJyb2xlcyI6WyJFTVBMT1lFRSJdLCJ1c2VySWQiOiIyIiwic3ViIjoiY2hpbmgiLCJpYXQiOjE2OTkzNzQ0NDYsImV4cCI6MTY5OTk3OTI0Nn0.6raw1dMhL8LSwzMTx7ON-RIO4vpNFKZ9xBAfNTSIU-Y',1,1,1,2,2),(11,'eyJhbGciOiJIUzI1NiJ9.eyJyb2xlcyI6WyJFTVBMT1lFRSJdLCJ1c2VySWQiOiIyIiwic3ViIjoiY2hpbmgiLCJpYXQiOjE2OTkzNzQ1MDYsImV4cCI6MTY5OTM3NTQwNn0.Bsk7mPWsznqv9ry1qLVOEpR0BywV3L_oERMjUBGXZBw',1,1,1,2,1),(12,'eyJhbGciOiJIUzI1NiJ9.eyJyb2xlcyI6WyJFTVBMT1lFRSJdLCJ1c2VySWQiOiIyIiwic3ViIjoiY2hpbmgiLCJpYXQiOjE2OTkzNzQ1MDYsImV4cCI6MTY5OTk3OTMwNn0.VWZviQGjuCyeF6vDuU-Q0n67QKt0kwR6cQ4llN4jF60',1,1,1,2,2),(13,'eyJhbGciOiJIUzI1NiJ9.eyJyb2xlcyI6WyJFTVBMT1lFRSJdLCJ1c2VySWQiOiIyIiwic3ViIjoiY2hpbmgiLCJpYXQiOjE2OTkzNzQ1MjYsImV4cCI6MTY5OTM3NTQyNn0.WW84U76ouopQaYthGo9csSXn_6639v1IL1THZ2i1Az8',1,1,1,2,1),(14,'eyJhbGciOiJIUzI1NiJ9.eyJyb2xlcyI6WyJFTVBMT1lFRSJdLCJ1c2VySWQiOiIyIiwic3ViIjoiY2hpbmgiLCJpYXQiOjE2OTkzNzQ1MjYsImV4cCI6MTY5OTk3OTMyNn0.ib4XjzFJksj1m8YiphGbsGu5NX-TIxIL70e3jGFyPmI',1,1,1,2,2),(15,'eyJhbGciOiJIUzI1NiJ9.eyJyb2xlcyI6WyJFTVBMT1lFRSJdLCJ1c2VySWQiOiIyIiwic3ViIjoiY2hpbmgiLCJpYXQiOjE2OTkzNzQ1NzYsImV4cCI6MTY5OTM3NTQ3Nn0.bYJpXHBYLrks_3cxV8Yb2zvqf9Tm3Z5jfrnhknHGjy8',1,1,1,2,1),(16,'eyJhbGciOiJIUzI1NiJ9.eyJyb2xlcyI6WyJFTVBMT1lFRSJdLCJ1c2VySWQiOiIyIiwic3ViIjoiY2hpbmgiLCJpYXQiOjE2OTkzNzQ1NzYsImV4cCI6MTY5OTk3OTM3Nn0.euWMLpRO69e0QcNl1_sQ24Cwkz_lJm89W-dBAdP9wy4',1,1,1,2,2),(17,'eyJhbGciOiJIUzI1NiJ9.eyJyb2xlcyI6WyJFTVBMT1lFRSJdLCJ1c2VySWQiOiIyIiwic3ViIjoiY2hpbmgiLCJpYXQiOjE2OTkzNzQ1OTEsImV4cCI6MTY5OTM3NTQ5MX0.CIHVuCdURbV226kLYbaYzdvbZXgIPNBtr5dr6ZPV4dk',1,1,1,2,1),(18,'eyJhbGciOiJIUzI1NiJ9.eyJyb2xlcyI6WyJFTVBMT1lFRSJdLCJ1c2VySWQiOiIyIiwic3ViIjoiY2hpbmgiLCJpYXQiOjE2OTkzNzQ1OTEsImV4cCI6MTY5OTk3OTM5MX0.-f1s3PTLp4aMGtmr5jsSLDnyEBXY3GdLOAYImrl6eM0',1,1,1,2,2),(19,'eyJhbGciOiJIUzI1NiJ9.eyJyb2xlcyI6WyJFTVBMT1lFRSJdLCJ1c2VySWQiOiIyIiwic3ViIjoiY2hpbmgiLCJpYXQiOjE2OTkzNzQ2NDMsImV4cCI6MTY5OTM3NTU0M30.yQ8x3FWyyGvmUArv9fNH3GGvfgNHQkmCja2hGkWHZeo',1,1,1,2,1),(20,'eyJhbGciOiJIUzI1NiJ9.eyJyb2xlcyI6WyJFTVBMT1lFRSJdLCJ1c2VySWQiOiIyIiwic3ViIjoiY2hpbmgiLCJpYXQiOjE2OTkzNzQ2NDMsImV4cCI6MTY5OTk3OTQ0M30.R7l-lmPAQUcjPYAlofrfnDg6poVCiQJJLvscIiDRXM8',1,1,1,2,2),(21,'eyJhbGciOiJIUzI1NiJ9.eyJyb2xlcyI6WyJFTVBMT1lFRSJdLCJ1c2VySWQiOiIyIiwic3ViIjoiY2hpbmgiLCJpYXQiOjE2OTkzNzQ3MDcsImV4cCI6MTY5OTM3NTYwN30.D5pnZVOkzWHTZ2opj__2tkumrHHA9NMjxIaOtx9TWuU',1,1,1,2,1),(22,'eyJhbGciOiJIUzI1NiJ9.eyJyb2xlcyI6WyJFTVBMT1lFRSJdLCJ1c2VySWQiOiIyIiwic3ViIjoiY2hpbmgiLCJpYXQiOjE2OTkzNzQ3MDcsImV4cCI6MTY5OTk3OTUwN30.Ij8qKNsMwkZSKhUEfuBon69m3bspPyJlYA856VKTTO4',1,1,1,2,2),(23,'eyJhbGciOiJIUzI1NiJ9.eyJyb2xlcyI6WyJFTVBMT1lFRSJdLCJ1c2VySWQiOiIyIiwic3ViIjoiY2hpbmgiLCJpYXQiOjE2OTkzNzQ3MjksImV4cCI6MTY5OTM3NTYyOX0.Ek4v6zlc4yTC9HkN4xSzNoSLZuCVrJ8xygyI8xahcqc',1,1,1,2,1),(24,'eyJhbGciOiJIUzI1NiJ9.eyJyb2xlcyI6WyJFTVBMT1lFRSJdLCJ1c2VySWQiOiIyIiwic3ViIjoiY2hpbmgiLCJpYXQiOjE2OTkzNzQ3MjksImV4cCI6MTY5OTk3OTUyOX0.FcNPfMlXN7Y7_uTnN7fuitSIcaFxL1CvxN5h0ccL31E',1,1,1,2,2),(25,'eyJhbGciOiJIUzI1NiJ9.eyJyb2xlcyI6WyJFTVBMT1lFRSJdLCJ1c2VySWQiOiIyIiwic3ViIjoiY2hpbmgiLCJpYXQiOjE2OTkzNzQ3NDAsImV4cCI6MTY5OTM3NTY0MH0.Ggn_RFIVLp9-pHTpwLRR8qUbMhVRWIVEckDGoexPu-k',1,1,1,2,1),(26,'eyJhbGciOiJIUzI1NiJ9.eyJyb2xlcyI6WyJFTVBMT1lFRSJdLCJ1c2VySWQiOiIyIiwic3ViIjoiY2hpbmgiLCJpYXQiOjE2OTkzNzQ3NDAsImV4cCI6MTY5OTk3OTU0MH0.EwZxZEj8r60BvW-wlA5rr92LsPGGw0nOoPPJFbguHaQ',1,1,1,2,2),(27,'eyJhbGciOiJIUzI1NiJ9.eyJyb2xlcyI6WyJFTVBMT1lFRSJdLCJ1c2VySWQiOiIyIiwic3ViIjoiY2hpbmgiLCJpYXQiOjE2OTkzNzQ3NjAsImV4cCI6MTY5OTM3NTY2MH0.9UrQApCrzQiAESvVcXe8RluUQnPRuA8-34YHKYcDLa0',1,1,1,2,1),(28,'eyJhbGciOiJIUzI1NiJ9.eyJyb2xlcyI6WyJFTVBMT1lFRSJdLCJ1c2VySWQiOiIyIiwic3ViIjoiY2hpbmgiLCJpYXQiOjE2OTkzNzQ3NjAsImV4cCI6MTY5OTk3OTU2MH0.4EsQOz-Nste-DQHS_yy05w3na0Nu9CqhHVhi_xO7UgQ',1,1,1,2,2),(29,'eyJhbGciOiJIUzI1NiJ9.eyJyb2xlcyI6WyJFTVBMT1lFRSJdLCJ1c2VySWQiOiIyIiwic3ViIjoiY2hpbmgiLCJpYXQiOjE2OTkzNzQ5NzcsImV4cCI6MTY5OTM3NTg3N30.VSR7E_2Go1IFPHeEz_FGkPjIMYlbOmg29qH94VP_0ec',1,1,1,2,1),(30,'eyJhbGciOiJIUzI1NiJ9.eyJyb2xlcyI6WyJFTVBMT1lFRSJdLCJ1c2VySWQiOiIyIiwic3ViIjoiY2hpbmgiLCJpYXQiOjE2OTkzNzQ5NzcsImV4cCI6MTY5OTk3OTc3N30.VSTKuJZ9FSDeKjTWwWx-C3Lg-b-1u5z3TQyIYurImj4',1,1,1,2,2),(31,'eyJhbGciOiJIUzI1NiJ9.eyJyb2xlcyI6WyJFTVBMT1lFRSJdLCJ1c2VySWQiOiIyIiwic3ViIjoiY2hpbmgiLCJpYXQiOjE2OTkzNzUwMDgsImV4cCI6MTY5OTM3NTkwOH0.8L3_6KnJJs5tc7Ogj6fvLha4e2cMaQwupzsv59AtWQk',1,1,1,2,1),(32,'eyJhbGciOiJIUzI1NiJ9.eyJyb2xlcyI6WyJFTVBMT1lFRSJdLCJ1c2VySWQiOiIyIiwic3ViIjoiY2hpbmgiLCJpYXQiOjE2OTkzNzUwMDgsImV4cCI6MTY5OTk3OTgwOH0.fy1s-wdwdtrjEP4TNXnrxoGaCcdTrqh7GYNDO4TM-0Y',1,1,1,2,2),(33,'eyJhbGciOiJIUzI1NiJ9.eyJyb2xlcyI6WyJFTVBMT1lFRSJdLCJ1c2VySWQiOiIyIiwic3ViIjoiY2hpbmgiLCJpYXQiOjE2OTkzNzUwMjEsImV4cCI6MTY5OTM3NTkyMX0.MSO5OZqWOvywqFOxMujU9l83aqhzPvMZANnBMt3gx9E',1,1,1,2,1),(34,'eyJhbGciOiJIUzI1NiJ9.eyJyb2xlcyI6WyJFTVBMT1lFRSJdLCJ1c2VySWQiOiIyIiwic3ViIjoiY2hpbmgiLCJpYXQiOjE2OTkzNzUwMjEsImV4cCI6MTY5OTk3OTgyMX0.hQgRrlnotecYijPX4A-gZ7cwadxiIvu3tqCyHc6Cr_c',1,1,1,2,2),(35,'eyJhbGciOiJIUzI1NiJ9.eyJyb2xlcyI6WyJFTVBMT1lFRSJdLCJ1c2VySWQiOiIyIiwic3ViIjoiY2hpbmgiLCJpYXQiOjE2OTkzNzUwMjUsImV4cCI6MTY5OTM3NTkyNX0.b9jnnbuaLiCt-CzS8mU-LeWgqlldBXP5ZTq613fBjPM',1,1,1,2,1),(36,'eyJhbGciOiJIUzI1NiJ9.eyJyb2xlcyI6WyJFTVBMT1lFRSJdLCJ1c2VySWQiOiIyIiwic3ViIjoiY2hpbmgiLCJpYXQiOjE2OTkzNzUwMjUsImV4cCI6MTY5OTk3OTgyNX0.BgS3PcsVZ5eMzIzNmab4bt05auAlEwHNEcj7dyvRTyo',1,1,1,2,2),(37,'eyJhbGciOiJIUzI1NiJ9.eyJyb2xlcyI6WyJFTVBMT1lFRSJdLCJ1c2VySWQiOiIyIiwic3ViIjoiY2hpbmgiLCJpYXQiOjE2OTkzNzUwNzEsImV4cCI6MTY5OTM3NTk3MX0.pY84idxOdbehxOpVMAg8WT-D7RMuHrx4uAQWJUYM9Ng',1,1,1,2,1),(38,'eyJhbGciOiJIUzI1NiJ9.eyJyb2xlcyI6WyJFTVBMT1lFRSJdLCJ1c2VySWQiOiIyIiwic3ViIjoiY2hpbmgiLCJpYXQiOjE2OTkzNzUwNzEsImV4cCI6MTY5OTk3OTg3MX0.NkxJOhDf3u9yZGtpYkoatei9BEzax4DUxDD-2n_NOYc',1,1,1,2,2),(39,'eyJhbGciOiJIUzI1NiJ9.eyJyb2xlcyI6WyJFTVBMT1lFRSJdLCJ1c2VySWQiOiIyIiwic3ViIjoiY2hpbmgiLCJpYXQiOjE2OTkzNzUxMjIsImV4cCI6MTY5OTM3NjAyMn0.s6p8kjNzTNj-6rdPd3myBTBZc26VJaW2r3p_ACDJmAs',1,1,1,2,1),(40,'eyJhbGciOiJIUzI1NiJ9.eyJyb2xlcyI6WyJFTVBMT1lFRSJdLCJ1c2VySWQiOiIyIiwic3ViIjoiY2hpbmgiLCJpYXQiOjE2OTkzNzUxMjIsImV4cCI6MTY5OTk3OTkyMn0.kI5oywGEy7nO8BmY0sN24_YLPNTacnGht81z_d9hgbs',1,1,1,2,2),(41,'eyJhbGciOiJIUzI1NiJ9.eyJyb2xlcyI6WyJFTVBMT1lFRSJdLCJ1c2VySWQiOiIyIiwic3ViIjoiY2hpbmgiLCJpYXQiOjE2OTkzNzU3NDIsImV4cCI6MTY5OTM3NjY0Mn0.6TqGdyakBNJrFJxquboDzDP3vm5brF2ml2kimhNxkIw',1,1,1,2,1),(42,'eyJhbGciOiJIUzI1NiJ9.eyJyb2xlcyI6WyJFTVBMT1lFRSJdLCJ1c2VySWQiOiIyIiwic3ViIjoiY2hpbmgiLCJpYXQiOjE2OTkzNzU3NDIsImV4cCI6MTY5OTk4MDU0Mn0.I3OXmHHyCr4o4Fe3dp8q7anpTCzCilSbwcEurw13aRA',1,1,1,2,2),(43,'eyJhbGciOiJIUzI1NiJ9.eyJyb2xlcyI6WyJFTVBMT1lFRSJdLCJ1c2VySWQiOiIyIiwic3ViIjoiY2hpbmgiLCJpYXQiOjE2OTkzNzU3NjMsImV4cCI6MTY5OTM3NjY2M30.vuxZqabozUH7okzHZUHh4pWjFzAd8kfABBLQByZr45g',1,1,1,2,1),(44,'eyJhbGciOiJIUzI1NiJ9.eyJyb2xlcyI6WyJFTVBMT1lFRSJdLCJ1c2VySWQiOiIyIiwic3ViIjoiY2hpbmgiLCJpYXQiOjE2OTkzNzU3NjMsImV4cCI6MTY5OTk4MDU2M30.hn2p27RTbmQ38Q7tA3tIc0eJ4zRGN5R06M82xNo2cIw',1,1,1,2,2),(45,'eyJhbGciOiJIUzI1NiJ9.eyJyb2xlcyI6WyJFTVBMT1lFRSJdLCJ1c2VySWQiOiIyIiwic3ViIjoiY2hpbmgiLCJpYXQiOjE2OTkzNzU3ODUsImV4cCI6MTY5OTM3NjY4NX0.D1tpvH1BzDF5BSrUT-IFuV3sN0pY_Z3Pgy3ntoB2FUk',1,1,1,2,1),(46,'eyJhbGciOiJIUzI1NiJ9.eyJyb2xlcyI6WyJFTVBMT1lFRSJdLCJ1c2VySWQiOiIyIiwic3ViIjoiY2hpbmgiLCJpYXQiOjE2OTkzNzU3ODUsImV4cCI6MTY5OTk4MDU4NX0.BTBSwRzKCoteZyEve1nPgZEwpA1UqdGxUk8034D69uw',1,1,1,2,2),(47,'eyJhbGciOiJIUzI1NiJ9.eyJyb2xlcyI6WyJFTVBMT1lFRSJdLCJ1c2VySWQiOiIyIiwic3ViIjoiY2hpbmgiLCJpYXQiOjE2OTkzNzU4MjcsImV4cCI6MTY5OTM3NjcyN30.Yjej8TfEHLars5z96zimGvJ1IEq0jCJF0lRZ7FYx2h4',1,1,1,2,1),(48,'eyJhbGciOiJIUzI1NiJ9.eyJyb2xlcyI6WyJFTVBMT1lFRSJdLCJ1c2VySWQiOiIyIiwic3ViIjoiY2hpbmgiLCJpYXQiOjE2OTkzNzU4MjcsImV4cCI6MTY5OTk4MDYyN30.iRmWHMDzl2dkO5D_UJ9Qf0zSM8p-pJJm5nPqG2dTr7Y',1,1,1,2,2),(49,'eyJhbGciOiJIUzI1NiJ9.eyJyb2xlcyI6WyJFTVBMT1lFRSJdLCJ1c2VySWQiOiIyIiwic3ViIjoiY2hpbmgiLCJpYXQiOjE2OTkzNzU5MDMsImV4cCI6MTY5OTM3NjgwM30.X-2hqLzO4KTXB8D1lw8AEXYLNJ7gQZQaxMzG_Ycne7s',1,1,1,2,1),(50,'eyJhbGciOiJIUzI1NiJ9.eyJyb2xlcyI6WyJFTVBMT1lFRSJdLCJ1c2VySWQiOiIyIiwic3ViIjoiY2hpbmgiLCJpYXQiOjE2OTkzNzU5MDMsImV4cCI6MTY5OTk4MDcwM30.9ciFDGxokBsFAs2qcwElywKWvhN2GT_-jiD-Zw0rRTw',1,1,1,2,2),(51,'eyJhbGciOiJIUzI1NiJ9.eyJyb2xlcyI6WyJFTVBMT1lFRSJdLCJ1c2VySWQiOiIyIiwic3ViIjoiY2hpbmgiLCJpYXQiOjE2OTkzNzU5MTUsImV4cCI6MTY5OTM3NjgxNX0.xAmDlwmKrHo0UBSvcL8VCgLcWZUowvBd9RYco8clZqg',1,1,1,2,1),(52,'eyJhbGciOiJIUzI1NiJ9.eyJyb2xlcyI6WyJFTVBMT1lFRSJdLCJ1c2VySWQiOiIyIiwic3ViIjoiY2hpbmgiLCJpYXQiOjE2OTkzNzU5MTUsImV4cCI6MTY5OTk4MDcxNX0.CZCDqWaRPQXaYyrg-4jdLIHCEQx98YWsiPVteYdPaaM',1,1,1,2,2),(53,'eyJhbGciOiJIUzI1NiJ9.eyJyb2xlcyI6WyJFTVBMT1lFRSJdLCJ1c2VySWQiOiIyIiwic3ViIjoiY2hpbmgiLCJpYXQiOjE2OTkzNzYwMTgsImV4cCI6MTY5OTM3NjkxOH0.HR1qNOCcnVqgmrHW71jLGym4HUMk8tzZa4Cg3ejcdUQ',1,1,1,2,1),(54,'eyJhbGciOiJIUzI1NiJ9.eyJyb2xlcyI6WyJFTVBMT1lFRSJdLCJ1c2VySWQiOiIyIiwic3ViIjoiY2hpbmgiLCJpYXQiOjE2OTkzNzYwMTgsImV4cCI6MTY5OTk4MDgxOH0.Qz18SLoM_yhIymiMDoZ3Y2pnQRxLNiSu8_4rC4rhhYg',1,1,1,2,2),(55,'eyJhbGciOiJIUzI1NiJ9.eyJyb2xlcyI6WyJFTVBMT1lFRSJdLCJ1c2VySWQiOiIyIiwic3ViIjoiY2hpbmgiLCJpYXQiOjE2OTkzNzYwMjcsImV4cCI6MTY5OTM3NjkyN30.7KfASWmiw1gHqLy0TvS9BhogLBqbqdOHEz-lfa7M9iQ',1,1,1,2,1),(56,'eyJhbGciOiJIUzI1NiJ9.eyJyb2xlcyI6WyJFTVBMT1lFRSJdLCJ1c2VySWQiOiIyIiwic3ViIjoiY2hpbmgiLCJpYXQiOjE2OTkzNzYwMjcsImV4cCI6MTY5OTk4MDgyN30.PHb7chI3m_QMS7AtrbMDGw4P_9tLQnx-vue5Gkd9qH4',1,1,1,2,2),(57,'eyJhbGciOiJIUzI1NiJ9.eyJyb2xlcyI6WyJFTVBMT1lFRSJdLCJ1c2VySWQiOiIyIiwic3ViIjoiY2hpbmgiLCJpYXQiOjE2OTkzNzYwNDIsImV4cCI6MTY5OTM3Njk0Mn0.u-SOVmf1RVdrWSYKYZqpoUL8GMlbtqaQtdrNeHBUmUs',1,1,1,2,1),(58,'eyJhbGciOiJIUzI1NiJ9.eyJyb2xlcyI6WyJFTVBMT1lFRSJdLCJ1c2VySWQiOiIyIiwic3ViIjoiY2hpbmgiLCJpYXQiOjE2OTkzNzYwNDIsImV4cCI6MTY5OTk4MDg0Mn0.t5iYESQYo9pL_vk6VLyRRUxy2kjWuKFVBhN3ztuT99M',1,1,1,2,2),(59,'eyJhbGciOiJIUzI1NiJ9.eyJyb2xlcyI6WyJFTVBMT1lFRSJdLCJ1c2VySWQiOiIyIiwic3ViIjoiY2hpbmgiLCJpYXQiOjE2OTkzNzYwNTYsImV4cCI6MTY5OTM3Njk1Nn0.4jYLrvlqy0uBQtrgxEvksknJM1zbGhY4wBvWhuScXJI',1,1,1,2,1),(60,'eyJhbGciOiJIUzI1NiJ9.eyJyb2xlcyI6WyJFTVBMT1lFRSJdLCJ1c2VySWQiOiIyIiwic3ViIjoiY2hpbmgiLCJpYXQiOjE2OTkzNzYwNTYsImV4cCI6MTY5OTk4MDg1Nn0.8rQ0a4dHc78XT6geCjrGtdA6zOH09n_BRxznQ5ShrmE',1,1,1,2,2),(61,'eyJhbGciOiJIUzI1NiJ9.eyJyb2xlcyI6WyJFTVBMT1lFRSJdLCJ1c2VySWQiOiIyIiwic3ViIjoiY2hpbmgiLCJpYXQiOjE2OTkzNzYwODUsImV4cCI6MTY5OTM3Njk4NX0.9lfbaiMiyBAzaHn5P3Zx-1j5lvVr493enBwrIThEqHk',1,1,1,2,1),(62,'eyJhbGciOiJIUzI1NiJ9.eyJyb2xlcyI6WyJFTVBMT1lFRSJdLCJ1c2VySWQiOiIyIiwic3ViIjoiY2hpbmgiLCJpYXQiOjE2OTkzNzYwODUsImV4cCI6MTY5OTk4MDg4NX0.FNaBA4XuPfEg8L-aWiMw6ThcIMA5H4UJDEiVU39qChI',1,1,1,2,2),(63,'eyJhbGciOiJIUzI1NiJ9.eyJyb2xlcyI6WyJFTVBMT1lFRSJdLCJ1c2VySWQiOiIyIiwic3ViIjoiY2hpbmgiLCJpYXQiOjE2OTkzNzY0NTgsImV4cCI6MTY5OTM3NzM1OH0.xsC8D7DS8Am3ikryahl1rAceBl-7CdJVVrdI9ENfWHE',1,1,1,2,1),(64,'eyJhbGciOiJIUzI1NiJ9.eyJyb2xlcyI6WyJFTVBMT1lFRSJdLCJ1c2VySWQiOiIyIiwic3ViIjoiY2hpbmgiLCJpYXQiOjE2OTkzNzY0NTgsImV4cCI6MTY5OTk4MTI1OH0.TsU3UFCbjh4ta4ODfPnZ9fN0nsfRfyxVq4wZJzWfPcg',1,1,1,2,2),(65,'eyJhbGciOiJIUzI1NiJ9.eyJyb2xlcyI6WyJFTVBMT1lFRSJdLCJ1c2VySWQiOiIyIiwic3ViIjoiY2hpbmgiLCJpYXQiOjE2OTkzNzY2MTksImV4cCI6MTY5OTM3NzUxOX0.OAjPZGyzZw_qkjb-UfF6Y0LQhLXGCa4u1H-oSRmklGc',1,1,1,2,1),(66,'eyJhbGciOiJIUzI1NiJ9.eyJyb2xlcyI6WyJFTVBMT1lFRSJdLCJ1c2VySWQiOiIyIiwic3ViIjoiY2hpbmgiLCJpYXQiOjE2OTkzNzY2MTksImV4cCI6MTY5OTk4MTQxOX0.8pTY8F2Nk8riNdngPuHmXZ9BdomKa1mde_MtF8_qBws',1,1,1,2,2),(67,'eyJhbGciOiJIUzI1NiJ9.eyJyb2xlcyI6WyJFTVBMT1lFRSJdLCJ1c2VySWQiOiIyIiwic3ViIjoiY2hpbmgiLCJpYXQiOjE2OTkzNzY2OTIsImV4cCI6MTY5OTM3NzU5Mn0.XQ7n93v9GwNyVA6XJJj4TIqBWZ4TYWdzeEczDp-E2Fs',1,1,1,2,1),(68,'eyJhbGciOiJIUzI1NiJ9.eyJyb2xlcyI6WyJFTVBMT1lFRSJdLCJ1c2VySWQiOiIyIiwic3ViIjoiY2hpbmgiLCJpYXQiOjE2OTkzNzY2OTIsImV4cCI6MTY5OTk4MTQ5Mn0.Q2A__I37E2V4yMPxpetMxX7JUnAv-urryFUQgB8Viq8',1,1,1,2,2),(69,'eyJhbGciOiJIUzI1NiJ9.eyJyb2xlcyI6WyJFTVBMT1lFRSJdLCJ1c2VySWQiOiIyIiwic3ViIjoiY2hpbmgiLCJpYXQiOjE2OTkzNzY4NzEsImV4cCI6MTY5OTM3Nzc3MX0.u3JJXEAmaKwnLRfOyhfwULWUaD6LRmkDWE89wnBLIRs',1,1,1,2,1),(70,'eyJhbGciOiJIUzI1NiJ9.eyJyb2xlcyI6WyJFTVBMT1lFRSJdLCJ1c2VySWQiOiIyIiwic3ViIjoiY2hpbmgiLCJpYXQiOjE2OTkzNzY4NzEsImV4cCI6MTY5OTk4MTY3MX0.qvHsKauD0W39Ue4AyrDWIn-OJUmuEdXzt2KRaRCMYTQ',1,1,1,2,2),(71,'eyJhbGciOiJIUzI1NiJ9.eyJyb2xlcyI6WyJFTVBMT1lFRSJdLCJ1c2VySWQiOiIyIiwic3ViIjoiY2hpbmgiLCJpYXQiOjE2OTkzNzY4OTgsImV4cCI6MTY5OTM3Nzc5OH0.0mfNxwwSUwEwxcnI8FbpKgkc_nikzEmZ08rW-xcjIVg',1,1,1,2,1),(72,'eyJhbGciOiJIUzI1NiJ9.eyJyb2xlcyI6WyJFTVBMT1lFRSJdLCJ1c2VySWQiOiIyIiwic3ViIjoiY2hpbmgiLCJpYXQiOjE2OTkzNzY4OTgsImV4cCI6MTY5OTk4MTY5OH0.LgE6CMRYLilMld70fz6qTxvneBkuOCnRpWAk_ZX9qbA',1,1,1,2,2),(73,'eyJhbGciOiJIUzI1NiJ9.eyJyb2xlcyI6WyJFTVBMT1lFRSJdLCJ1c2VySWQiOiIyIiwic3ViIjoiY2hpbmgiLCJpYXQiOjE2OTkzNzY5ODYsImV4cCI6MTY5OTM3Nzg4Nn0.Fdp2ZJfHTIuV7-iHkxerni0pZNFUQHAMmQ74quKMjaI',1,1,1,2,1),(74,'eyJhbGciOiJIUzI1NiJ9.eyJyb2xlcyI6WyJFTVBMT1lFRSJdLCJ1c2VySWQiOiIyIiwic3ViIjoiY2hpbmgiLCJpYXQiOjE2OTkzNzY5ODYsImV4cCI6MTY5OTk4MTc4Nn0.Hlojq2Nvacw77FazhaZdZlsOQNGF30oH8ut6RNtlaN0',1,1,1,2,2),(75,'eyJhbGciOiJIUzI1NiJ9.eyJyb2xlcyI6WyJFTVBMT1lFRSJdLCJ1c2VySWQiOiIyIiwic3ViIjoiY2hpbmgiLCJpYXQiOjE2OTkzNzY5ODgsImV4cCI6MTY5OTM3Nzg4OH0.r7w4c7iN5nfvCxRd6aNV1acFRwTntl-FabDBC0vp1PA',1,1,1,2,1),(76,'eyJhbGciOiJIUzI1NiJ9.eyJyb2xlcyI6WyJFTVBMT1lFRSJdLCJ1c2VySWQiOiIyIiwic3ViIjoiY2hpbmgiLCJpYXQiOjE2OTkzNzY5ODgsImV4cCI6MTY5OTk4MTc4OH0.wlfRTo7Amd3TUoIJfhjqaSSkHHMf_pFccybAt9QjZCo',1,1,1,2,2),(77,'eyJhbGciOiJIUzI1NiJ9.eyJyb2xlcyI6WyJFTVBMT1lFRSJdLCJ1c2VySWQiOiIyIiwic3ViIjoiY2hpbmgiLCJpYXQiOjE2OTkzNzcwMTQsImV4cCI6MTY5OTM3NzkxNH0.fSRA1gJMFvqn26MXVn9kT9O8VPVVJiNkrG3MOlT58uE',1,1,1,2,1),(78,'eyJhbGciOiJIUzI1NiJ9.eyJyb2xlcyI6WyJFTVBMT1lFRSJdLCJ1c2VySWQiOiIyIiwic3ViIjoiY2hpbmgiLCJpYXQiOjE2OTkzNzcwMTQsImV4cCI6MTY5OTk4MTgxNH0.-O3SFz10f8cu96ii19KZH6Fbh81nTqffIv1rGNzImF4',1,1,1,2,2),(79,'eyJhbGciOiJIUzI1NiJ9.eyJyb2xlcyI6WyJFTVBMT1lFRSJdLCJ1c2VySWQiOiIyIiwic3ViIjoiY2hpbmgiLCJpYXQiOjE2OTkzNzcwMzQsImV4cCI6MTY5OTM3NzkzNH0.HNeejoi5FF85zu3HZeWqG47rsrxy-jHMOFWQ9gtaA4s',1,1,1,2,1),(80,'eyJhbGciOiJIUzI1NiJ9.eyJyb2xlcyI6WyJFTVBMT1lFRSJdLCJ1c2VySWQiOiIyIiwic3ViIjoiY2hpbmgiLCJpYXQiOjE2OTkzNzcwMzQsImV4cCI6MTY5OTk4MTgzNH0.RpJCUNtUbT4JqcyqRJlnbhJUx7o6uRU1HUmHSxoGDDw',1,1,1,2,2),(81,'eyJhbGciOiJIUzI1NiJ9.eyJyb2xlcyI6WyJFTVBMT1lFRSJdLCJ1c2VySWQiOiIyIiwic3ViIjoiY2hpbmgiLCJpYXQiOjE2OTkzNzcxNzUsImV4cCI6MTY5OTM3ODA3NX0.dl33BknKS1BrbjN41QdEpJ6v4ic2f2ve1kYT-XPdVKE',1,1,1,2,1),(82,'eyJhbGciOiJIUzI1NiJ9.eyJyb2xlcyI6WyJFTVBMT1lFRSJdLCJ1c2VySWQiOiIyIiwic3ViIjoiY2hpbmgiLCJpYXQiOjE2OTkzNzcxNzUsImV4cCI6MTY5OTk4MTk3NX0.RBfNI-rrDnpVvKq9Do-d5sj4FBTQcHMJJRs-f26uHBM',1,1,1,2,2),(83,'eyJhbGciOiJIUzI1NiJ9.eyJyb2xlcyI6WyJFTVBMT1lFRSJdLCJ1c2VySWQiOiIyIiwic3ViIjoiY2hpbmgiLCJpYXQiOjE2OTkzNzcxNzgsImV4cCI6MTY5OTM3ODA3OH0.hsNQQaE2HIZTyv6km-fOpsp2AfVhLKpj_y5VdGuBb9A',1,1,1,2,1),(84,'eyJhbGciOiJIUzI1NiJ9.eyJyb2xlcyI6WyJFTVBMT1lFRSJdLCJ1c2VySWQiOiIyIiwic3ViIjoiY2hpbmgiLCJpYXQiOjE2OTkzNzcxNzgsImV4cCI6MTY5OTk4MTk3OH0.VIdy0rCCtld2aiSiVN6Cqiun5x7En-2CBz3TchBxihc',1,1,1,2,2),(85,'eyJhbGciOiJIUzI1NiJ9.eyJyb2xlcyI6WyJFTVBMT1lFRSJdLCJ1c2VySWQiOiIyIiwic3ViIjoiY2hpbmgiLCJpYXQiOjE2OTkzNzcxODEsImV4cCI6MTY5OTM3ODA4MX0.XB8_Lunac1RfYQwOVc3SNJLMgHTRFCdw9E0BnhT2-6U',1,1,1,2,1),(86,'eyJhbGciOiJIUzI1NiJ9.eyJyb2xlcyI6WyJFTVBMT1lFRSJdLCJ1c2VySWQiOiIyIiwic3ViIjoiY2hpbmgiLCJpYXQiOjE2OTkzNzcxODEsImV4cCI6MTY5OTk4MTk4MX0.9IlOhYKtffHTG0pnOC7wYFVZ6MaxCK-3AF5mY9pHWNI',1,1,1,2,2),(87,'eyJhbGciOiJIUzI1NiJ9.eyJyb2xlcyI6WyJFTVBMT1lFRSJdLCJ1c2VySWQiOiIyIiwic3ViIjoiY2hpbmgiLCJpYXQiOjE2OTkzNzcyMDMsImV4cCI6MTY5OTM3ODEwM30.yxRE8SFS6en29uLfMGIhXLvy7TdaQSKyA-spVZuEoEc',1,1,1,2,1),(88,'eyJhbGciOiJIUzI1NiJ9.eyJyb2xlcyI6WyJFTVBMT1lFRSJdLCJ1c2VySWQiOiIyIiwic3ViIjoiY2hpbmgiLCJpYXQiOjE2OTkzNzcyMDMsImV4cCI6MTY5OTk4MjAwM30.KTuXYXgYL8HiZHz6cFVIGKEgjIvQkaxf1jZVOzejKWI',1,1,1,2,2),(89,'eyJhbGciOiJIUzI1NiJ9.eyJyb2xlcyI6WyJFTVBMT1lFRSJdLCJ1c2VySWQiOiIyIiwic3ViIjoiY2hpbmgiLCJpYXQiOjE2OTkzNzcyMDQsImV4cCI6MTY5OTM3ODEwNH0.9PbQmrhBE9YvAdTSrp5e7a_lI1-GCTZLC-kW5g_Os84',1,1,1,2,1),(90,'eyJhbGciOiJIUzI1NiJ9.eyJyb2xlcyI6WyJFTVBMT1lFRSJdLCJ1c2VySWQiOiIyIiwic3ViIjoiY2hpbmgiLCJpYXQiOjE2OTkzNzcyMDQsImV4cCI6MTY5OTk4MjAwNH0.ldjNaFomO83YHXZJ_pkiSUdzGglhkmmW8B80DFR_DDU',1,1,1,2,2),(91,'eyJhbGciOiJIUzI1NiJ9.eyJyb2xlcyI6WyJFTVBMT1lFRSJdLCJ1c2VySWQiOiIyIiwic3ViIjoiY2hpbmgiLCJpYXQiOjE2OTkzNzcyMDcsImV4cCI6MTY5OTM3ODEwN30.olUNw2kLf5STa1D9xLDGamm1rFwUUlqijj1Lytni-8g',1,1,1,2,1),(92,'eyJhbGciOiJIUzI1NiJ9.eyJyb2xlcyI6WyJFTVBMT1lFRSJdLCJ1c2VySWQiOiIyIiwic3ViIjoiY2hpbmgiLCJpYXQiOjE2OTkzNzcyMDcsImV4cCI6MTY5OTk4MjAwN30.83Po8cZ-ZNBb0pt40tWU1FUDPWC-xDjGFBm_dY4F75w',1,1,1,2,2),(93,'eyJhbGciOiJIUzI1NiJ9.eyJyb2xlcyI6WyJFTVBMT1lFRSJdLCJ1c2VySWQiOiIyIiwic3ViIjoiY2hpbmgiLCJpYXQiOjE2OTkzNzcyMDksImV4cCI6MTY5OTM3ODEwOX0.ZZLVaBUziIKIgG6FXDxBxYzUYUm0pB8HjZ1_ge5-o2I',1,1,1,2,1),(94,'eyJhbGciOiJIUzI1NiJ9.eyJyb2xlcyI6WyJFTVBMT1lFRSJdLCJ1c2VySWQiOiIyIiwic3ViIjoiY2hpbmgiLCJpYXQiOjE2OTkzNzcyMDksImV4cCI6MTY5OTk4MjAwOX0.npgQ-Dz7VmhQBCDqSjjpXDBtxMNpqi2lrs5-FDUeCcU',1,1,1,2,2),(95,'eyJhbGciOiJIUzI1NiJ9.eyJyb2xlcyI6WyJFTVBMT1lFRSJdLCJ1c2VySWQiOiIxIiwic3ViIjoiYmFvdGluZGVwdHJhaSIsImlhdCI6MTY5OTQwMzE0OCwiZXhwIjoxNjk5NDA0MDQ4fQ.8gzHctKzsahRYEzaGCe5uupj7iadlDhTqx3WBwrki94',1,1,1,1,1),(96,'eyJhbGciOiJIUzI1NiJ9.eyJyb2xlcyI6WyJFTVBMT1lFRSJdLCJ1c2VySWQiOiIxIiwic3ViIjoiYmFvdGluZGVwdHJhaSIsImlhdCI6MTY5OTQwMzE0OSwiZXhwIjoxNzAwMDA3OTQ5fQ.Zfh7h5d0uyuYCQV4_N0nze7G1B1Jg6DALrDLQjXmJTg',1,1,1,1,2),(97,'eyJhbGciOiJIUzI1NiJ9.eyJyb2xlcyI6WyJFTVBMT1lFRSJdLCJ1c2VySWQiOiIyIiwic3ViIjoiY2hpbmgiLCJpYXQiOjE2OTk0MTE5MTQsImV4cCI6MTY5OTQxMjgxNH0.58r1B2mWv65fwlLwuoHcJQWNTbDG8xNkJ7NB5iJBJtE',1,1,1,2,1),(98,'eyJhbGciOiJIUzI1NiJ9.eyJyb2xlcyI6WyJFTVBMT1lFRSJdLCJ1c2VySWQiOiIyIiwic3ViIjoiY2hpbmgiLCJpYXQiOjE2OTk0MTE5MTQsImV4cCI6MTcwMDAxNjcxNH0.rSoyUAFdhK3WuoLpw1Jda26aFPN_CZJjal8LAN-T2SY',1,1,1,2,2),(99,'eyJhbGciOiJIUzI1NiJ9.eyJyb2xlcyI6WyJFTVBMT1lFRSJdLCJ1c2VySWQiOiIyIiwic3ViIjoiY2hpbmgiLCJpYXQiOjE2OTk0MTE5ODAsImV4cCI6MTY5OTQxMjg4MH0.BhuheAufGhFzbNBgU4bgaMT2_LZIiq5JJLh1wXLf0QU',1,1,1,2,1),(100,'eyJhbGciOiJIUzI1NiJ9.eyJyb2xlcyI6WyJFTVBMT1lFRSJdLCJ1c2VySWQiOiIyIiwic3ViIjoiY2hpbmgiLCJpYXQiOjE2OTk0MTE5ODAsImV4cCI6MTcwMDAxNjc4MH0.kY5_ZKH5SW-VtWRhVNP4XAPKPePdkYsdhLiz1dEJMbM',1,1,1,2,2),(101,'eyJhbGciOiJIUzI1NiJ9.eyJyb2xlcyI6WyJFTVBMT1lFRSJdLCJ1c2VySWQiOiIyIiwic3ViIjoiY2hpbmgiLCJpYXQiOjE2OTk0MTE5ODQsImV4cCI6MTY5OTQxMjg4NH0.1RGdOmLgPoVheXXC0Wg-DgdoR1yyOtf_8WSREVbzVew',1,1,1,2,1),(102,'eyJhbGciOiJIUzI1NiJ9.eyJyb2xlcyI6WyJFTVBMT1lFRSJdLCJ1c2VySWQiOiIyIiwic3ViIjoiY2hpbmgiLCJpYXQiOjE2OTk0MTE5ODQsImV4cCI6MTcwMDAxNjc4NH0.WxusbITxRC9biMnJ1xL5bXfEqtiAw0_BqwFg6i9u-2s',1,1,1,2,2),(103,'eyJhbGciOiJIUzI1NiJ9.eyJyb2xlcyI6WyJFTVBMT1lFRSJdLCJ1c2VySWQiOiIyIiwic3ViIjoiY2hpbmgiLCJpYXQiOjE2OTk0MTIwNzIsImV4cCI6MTY5OTQxMjk3Mn0.UhNd7tn69Vt8zp7xBRPw8EpWkOwNfducIPTNchCHaBg',1,1,1,2,1),(104,'eyJhbGciOiJIUzI1NiJ9.eyJyb2xlcyI6WyJFTVBMT1lFRSJdLCJ1c2VySWQiOiIyIiwic3ViIjoiY2hpbmgiLCJpYXQiOjE2OTk0MTIwNzIsImV4cCI6MTcwMDAxNjg3Mn0.Nkqjut__UY1CFrFyhIYyvpPdQGGf91OmYXz83jc7lwI',1,1,1,2,2),(105,'eyJhbGciOiJIUzI1NiJ9.eyJyb2xlcyI6WyJFTVBMT1lFRSJdLCJ1c2VySWQiOiIyIiwic3ViIjoiY2hpbmgiLCJpYXQiOjE2OTk0MTIwOTAsImV4cCI6MTY5OTQxMjk5MH0.V0Z6izmoCjtfUcSo8O7vEbFt4p6kENjzqRXYJ2cwfNM',1,1,1,2,1),(106,'eyJhbGciOiJIUzI1NiJ9.eyJyb2xlcyI6WyJFTVBMT1lFRSJdLCJ1c2VySWQiOiIyIiwic3ViIjoiY2hpbmgiLCJpYXQiOjE2OTk0MTIwOTAsImV4cCI6MTcwMDAxNjg5MH0.xbTzuqgCm4rSbdcLION3sGfcgGPtH_my-cu1B7G0E64',1,1,1,2,2),(107,'eyJhbGciOiJIUzI1NiJ9.eyJyb2xlcyI6WyJFTVBMT1lFRSJdLCJ1c2VySWQiOiIyIiwic3ViIjoiY2hpbmgiLCJpYXQiOjE2OTk0MTIxNzcsImV4cCI6MTY5OTQxMzA3N30.DkzwtqDu1yDUMoYyG4qyqwJ01n8GsyqszLqWEWx0J-8',1,1,1,2,1),(108,'eyJhbGciOiJIUzI1NiJ9.eyJyb2xlcyI6WyJFTVBMT1lFRSJdLCJ1c2VySWQiOiIyIiwic3ViIjoiY2hpbmgiLCJpYXQiOjE2OTk0MTIxNzcsImV4cCI6MTcwMDAxNjk3N30.BFtWNJgPZgkG_BDsQus0dV-SDelgF7pcuDCClINLoCA',1,1,1,2,2),(109,'eyJhbGciOiJIUzI1NiJ9.eyJyb2xlcyI6WyJFTVBMT1lFRSJdLCJ1c2VySWQiOiIyIiwic3ViIjoiY2hpbmgiLCJpYXQiOjE2OTk0MTI2MDMsImV4cCI6MTY5OTQxMzUwM30.R8jabCm8BpEVyaWixPtFlim2mw8Csw4XZVCCyJx2PBg',1,1,1,2,1),(110,'eyJhbGciOiJIUzI1NiJ9.eyJyb2xlcyI6WyJFTVBMT1lFRSJdLCJ1c2VySWQiOiIyIiwic3ViIjoiY2hpbmgiLCJpYXQiOjE2OTk0MTI2MDMsImV4cCI6MTcwMDAxNzQwM30.P-oW4JMY5iO0iKpTDEY_4dbsk_DSnaezqWPkrB32X1U',1,1,1,2,2),(111,'eyJhbGciOiJIUzI1NiJ9.eyJyb2xlcyI6WyJFTVBMT1lFRSJdLCJ1c2VySWQiOiIyIiwic3ViIjoiY2hpbmgiLCJpYXQiOjE2OTk0MTMxMDcsImV4cCI6MTY5OTQxNDAwN30.3V84ANT0r7HjIF2n7QF1LOeRh9w36opTCbiccXbYaro',1,1,1,2,1),(112,'eyJhbGciOiJIUzI1NiJ9.eyJyb2xlcyI6WyJFTVBMT1lFRSJdLCJ1c2VySWQiOiIyIiwic3ViIjoiY2hpbmgiLCJpYXQiOjE2OTk0MTMxMDcsImV4cCI6MTcwMDAxNzkwN30.yQbPeL8vrIZfcSV9Gx5o4MkqQT3RqJNRpZ3eNu9_HIA',1,1,1,2,2),(113,'eyJhbGciOiJIUzI1NiJ9.eyJyb2xlcyI6WyJFTVBMT1lFRSJdLCJ1c2VySWQiOiIyIiwic3ViIjoiY2hpbmgiLCJpYXQiOjE2OTk0MTM0NTAsImV4cCI6MTY5OTQxNDM1MH0.zAGU4ll4gXiXhe-0Oq9xPjP4CLXLh2_wrrpy1xx0RTQ',1,1,1,2,1),(114,'eyJhbGciOiJIUzI1NiJ9.eyJyb2xlcyI6WyJFTVBMT1lFRSJdLCJ1c2VySWQiOiIyIiwic3ViIjoiY2hpbmgiLCJpYXQiOjE2OTk0MTM0NTAsImV4cCI6MTcwMDAxODI1MH0.FnlxSAIDGCJ9STIqncsRwWs4LKV5j-km3j55yfUxIZ4',1,1,1,2,2),(115,'eyJhbGciOiJIUzI1NiJ9.eyJyb2xlcyI6WyJFTVBMT1lFRSJdLCJ1c2VySWQiOiIyIiwic3ViIjoiY2hpbmgiLCJpYXQiOjE2OTk0MTM0NzgsImV4cCI6MTY5OTQxNDM3OH0.UXZT-brc2NIneJRSQYmrxP_990bD--0KSTSGQo-Izy0',1,1,1,2,1),(116,'eyJhbGciOiJIUzI1NiJ9.eyJyb2xlcyI6WyJFTVBMT1lFRSJdLCJ1c2VySWQiOiIyIiwic3ViIjoiY2hpbmgiLCJpYXQiOjE2OTk0MTM0NzgsImV4cCI6MTcwMDAxODI3OH0.GNudgoVUXhFkTH7LGGQkdG_unKOO1zZbgad1GCToHtM',1,1,1,2,2),(117,'eyJhbGciOiJIUzI1NiJ9.eyJyb2xlcyI6WyJFTVBMT1lFRSJdLCJ1c2VySWQiOiIyIiwic3ViIjoiY2hpbmgiLCJpYXQiOjE2OTk0MTM0ODMsImV4cCI6MTY5OTQxNDM4M30.TULti_q9AKqjIwrcgTqwb_ppEOmFCgqn6D5Kk2Z-Qd0',1,1,1,2,1),(118,'eyJhbGciOiJIUzI1NiJ9.eyJyb2xlcyI6WyJFTVBMT1lFRSJdLCJ1c2VySWQiOiIyIiwic3ViIjoiY2hpbmgiLCJpYXQiOjE2OTk0MTM0ODMsImV4cCI6MTcwMDAxODI4M30.782bpBBMGSGmnSPG7OuYT63b-AGN0t22zU4z_SLUwxU',1,1,1,2,2),(119,'eyJhbGciOiJIUzI1NiJ9.eyJyb2xlcyI6WyJFTVBMT1lFRSJdLCJ1c2VySWQiOiIyIiwic3ViIjoiY2hpbmgiLCJpYXQiOjE2OTk0MTM1MDIsImV4cCI6MTY5OTQxNDQwMn0.8ELU-zHZ-SSOILghKeNQxsF7JDQo-8g-fVKPvIZczQ4',1,1,1,2,1),(120,'eyJhbGciOiJIUzI1NiJ9.eyJyb2xlcyI6WyJFTVBMT1lFRSJdLCJ1c2VySWQiOiIyIiwic3ViIjoiY2hpbmgiLCJpYXQiOjE2OTk0MTM1MDIsImV4cCI6MTcwMDAxODMwMn0.AliXNu62-Yl3Cey-gNSoJKhKHZtQyzXcmm94ojcJM0U',1,1,1,2,2),(121,'eyJhbGciOiJIUzI1NiJ9.eyJyb2xlcyI6WyJFTVBMT1lFRSJdLCJ1c2VySWQiOiIyIiwic3ViIjoiY2hpbmgiLCJpYXQiOjE2OTk0MTM1MDUsImV4cCI6MTY5OTQxNDQwNX0.du5hMWxT1YnVCjot6qzrA4pBOtfsA8ow_qzALpUZtNQ',1,1,1,2,1),(122,'eyJhbGciOiJIUzI1NiJ9.eyJyb2xlcyI6WyJFTVBMT1lFRSJdLCJ1c2VySWQiOiIyIiwic3ViIjoiY2hpbmgiLCJpYXQiOjE2OTk0MTM1MDUsImV4cCI6MTcwMDAxODMwNX0.hnA9Ce2NvGHfAIXfkufRc0gLPLPEp-FiS0iltoa7kCk',1,1,1,2,2),(123,'eyJhbGciOiJIUzI1NiJ9.eyJyb2xlcyI6WyJFTVBMT1lFRSJdLCJ1c2VySWQiOiIyIiwic3ViIjoiY2hpbmgiLCJpYXQiOjE2OTk0MTM1NTMsImV4cCI6MTY5OTQxNDQ1M30.6xfdEMnnzbGizfqH0AuclNwbpk9Qtsp6Bucu1WaOfeQ',1,1,1,2,1),(124,'eyJhbGciOiJIUzI1NiJ9.eyJyb2xlcyI6WyJFTVBMT1lFRSJdLCJ1c2VySWQiOiIyIiwic3ViIjoiY2hpbmgiLCJpYXQiOjE2OTk0MTM1NTMsImV4cCI6MTcwMDAxODM1M30.YFuM1iLq8HarxyKqbbaF3rD-0vgfWq3BdHcMlgjoexE',1,1,1,2,2),(125,'eyJhbGciOiJIUzI1NiJ9.eyJyb2xlcyI6WyJFTVBMT1lFRSJdLCJ1c2VySWQiOiIyIiwic3ViIjoiY2hpbmgiLCJpYXQiOjE2OTk0MTM2NDgsImV4cCI6MTY5OTQxNDU0OH0.HA27NSA6VMgddcA77j6laLBPuVC0NtKmf5oa9HK_jQQ',1,1,1,2,1),(126,'eyJhbGciOiJIUzI1NiJ9.eyJyb2xlcyI6WyJFTVBMT1lFRSJdLCJ1c2VySWQiOiIyIiwic3ViIjoiY2hpbmgiLCJpYXQiOjE2OTk0MTM2NDgsImV4cCI6MTcwMDAxODQ0OH0.T_hkmTVqoBiob0fzryvuVUjpQtu_Ps3IcEEtfJ9Snow',1,1,1,2,2),(127,'eyJhbGciOiJIUzI1NiJ9.eyJyb2xlcyI6WyJFTVBMT1lFRSJdLCJ1c2VySWQiOiIyIiwic3ViIjoiY2hpbmgiLCJpYXQiOjE2OTk0MTM3MjIsImV4cCI6MTY5OTQxNDYyMn0.H70ernl0ezRWJN32zQtH0mcPJypplXIDwE7xye32kfw',1,1,1,2,1),(128,'eyJhbGciOiJIUzI1NiJ9.eyJyb2xlcyI6WyJFTVBMT1lFRSJdLCJ1c2VySWQiOiIyIiwic3ViIjoiY2hpbmgiLCJpYXQiOjE2OTk0MTM3MjIsImV4cCI6MTcwMDAxODUyMn0.NLle97zwCTChGFwWe5pzLiSd--Lubz_OXLJ5_emqHNU',1,1,1,2,2),(129,'eyJhbGciOiJIUzI1NiJ9.eyJyb2xlcyI6WyJFTVBMT1lFRSJdLCJ1c2VySWQiOiIyIiwic3ViIjoiY2hpbmgiLCJpYXQiOjE2OTk0MTM3MzgsImV4cCI6MTY5OTQxNDYzOH0.Q2upLVCkaQu63fm0Axy-r6AQuXS5TEKYHDahBMaHnuA',1,1,1,2,1),(130,'eyJhbGciOiJIUzI1NiJ9.eyJyb2xlcyI6WyJFTVBMT1lFRSJdLCJ1c2VySWQiOiIyIiwic3ViIjoiY2hpbmgiLCJpYXQiOjE2OTk0MTM3MzgsImV4cCI6MTcwMDAxODUzOH0.58N9QLMBvNwVHizei7X1n1c6XC4JCRAOg4Snb2d5CJk',1,1,1,2,2),(131,'eyJhbGciOiJIUzI1NiJ9.eyJyb2xlcyI6WyJFTVBMT1lFRSJdLCJ1c2VySWQiOiIyIiwic3ViIjoiY2hpbmgiLCJpYXQiOjE2OTk0MTM5MjUsImV4cCI6MTY5OTQxNDgyNX0.Jv9XjN2I9_egC-bbp3SDOcFymXDzop_GPJewP_Zpqos',1,1,1,2,1),(132,'eyJhbGciOiJIUzI1NiJ9.eyJyb2xlcyI6WyJFTVBMT1lFRSJdLCJ1c2VySWQiOiIyIiwic3ViIjoiY2hpbmgiLCJpYXQiOjE2OTk0MTM5MjUsImV4cCI6MTcwMDAxODcyNX0.i2lvRh_zpeqGZhp2XYrD7F_UMLj_fQ9puUoSA51Jl9k',1,1,1,2,2),(133,'eyJhbGciOiJIUzI1NiJ9.eyJyb2xlcyI6WyJFTVBMT1lFRSJdLCJ1c2VySWQiOiIyIiwic3ViIjoiY2hpbmgiLCJpYXQiOjE2OTk0MTM5NjksImV4cCI6MTY5OTQxNDg2OX0.wXy7Xig5KqKqeFNwymDPBObHEbwyCFx8QuwZDFrxVzk',1,1,1,2,1),(134,'eyJhbGciOiJIUzI1NiJ9.eyJyb2xlcyI6WyJFTVBMT1lFRSJdLCJ1c2VySWQiOiIyIiwic3ViIjoiY2hpbmgiLCJpYXQiOjE2OTk0MTM5NjksImV4cCI6MTcwMDAxODc2OX0.fP2zkLgBEZRnN-GGin8L1iOv4sGuDZi8qZAvHeVNGV4',1,1,1,2,2),(135,'eyJhbGciOiJIUzI1NiJ9.eyJyb2xlcyI6WyJFTVBMT1lFRSJdLCJ1c2VySWQiOiIyIiwic3ViIjoiY2hpbmgiLCJpYXQiOjE2OTk0MTQxNzYsImV4cCI6MTY5OTQxNTA3Nn0.bjPIOwm1JwzBSWMSies9H_NWtexP2Ih2ftkb5WH0ZiQ',1,1,1,2,1),(136,'eyJhbGciOiJIUzI1NiJ9.eyJyb2xlcyI6WyJFTVBMT1lFRSJdLCJ1c2VySWQiOiIyIiwic3ViIjoiY2hpbmgiLCJpYXQiOjE2OTk0MTQxNzYsImV4cCI6MTcwMDAxODk3Nn0.ZVCdMu19wlt-rnouieIssVRbNOM1bSzgT0uc88Q4UD0',1,1,1,2,2),(137,'eyJhbGciOiJIUzI1NiJ9.eyJyb2xlcyI6WyJFTVBMT1lFRSJdLCJ1c2VySWQiOiIyIiwic3ViIjoiY2hpbmgiLCJpYXQiOjE2OTk0MTQyNTAsImV4cCI6MTY5OTQxNTE1MH0.rI3aRPo7M37MuZYxR1l6T7URXgf7aIHt44FYzW_KJyI',1,1,1,2,1),(138,'eyJhbGciOiJIUzI1NiJ9.eyJyb2xlcyI6WyJFTVBMT1lFRSJdLCJ1c2VySWQiOiIyIiwic3ViIjoiY2hpbmgiLCJpYXQiOjE2OTk0MTQyNTAsImV4cCI6MTcwMDAxOTA1MH0.NT9KmzNZiZRnibCFgQN_9rCB9nEVh7GSBlnX5xa8O-w',1,1,1,2,2),(139,'eyJhbGciOiJIUzI1NiJ9.eyJyb2xlcyI6WyJFTVBMT1lFRSJdLCJ1c2VySWQiOiIyIiwic3ViIjoiY2hpbmgiLCJpYXQiOjE2OTk0MTQ2MjYsImV4cCI6MTY5OTQxNTUyNn0.SCMhqa3appe_SCpcNiQwBf2vfdKa_Sv2yIUKs9t7Loo',1,1,1,2,1),(140,'eyJhbGciOiJIUzI1NiJ9.eyJyb2xlcyI6WyJFTVBMT1lFRSJdLCJ1c2VySWQiOiIyIiwic3ViIjoiY2hpbmgiLCJpYXQiOjE2OTk0MTQ2MjYsImV4cCI6MTcwMDAxOTQyNn0.-ZmN8mo8QDcOtN9hl8BP-GNHWRGS42aGK81-Jv5Oa6Q',1,1,1,2,2),(141,'eyJhbGciOiJIUzI1NiJ9.eyJyb2xlcyI6WyJFTVBMT1lFRSJdLCJ1c2VySWQiOiIyIiwic3ViIjoiY2hpbmgiLCJpYXQiOjE2OTk0MTQ3MzksImV4cCI6MTY5OTQxNTYzOX0.MO9BjNSs9uU3Hdp_ZXv4cBlDn3wGWfmq7NAHtUscZjM',1,1,1,2,1),(142,'eyJhbGciOiJIUzI1NiJ9.eyJyb2xlcyI6WyJFTVBMT1lFRSJdLCJ1c2VySWQiOiIyIiwic3ViIjoiY2hpbmgiLCJpYXQiOjE2OTk0MTQ3MzksImV4cCI6MTcwMDAxOTUzOX0.MHZ9GQjqnmLx5sHxxFGqaWD6zIh9cHf94ZljSw-ZPHg',1,1,1,2,2),(143,'eyJhbGciOiJIUzI1NiJ9.eyJyb2xlcyI6WyJFTVBMT1lFRSJdLCJ1c2VySWQiOiIyIiwic3ViIjoiY2hpbmgiLCJpYXQiOjE2OTk0MTQ3OTQsImV4cCI6MTY5OTQxNTY5NH0.Uhb_7SURetDKbyzmYRt7-H4EfUGmeb0CVWTx15vHvLU',1,1,1,2,1),(144,'eyJhbGciOiJIUzI1NiJ9.eyJyb2xlcyI6WyJFTVBMT1lFRSJdLCJ1c2VySWQiOiIyIiwic3ViIjoiY2hpbmgiLCJpYXQiOjE2OTk0MTQ3OTQsImV4cCI6MTcwMDAxOTU5NH0.6ly3yzMGdlnjBeXuqadmPF9w-YmtBP65KJ8AjBzArDA',1,1,1,2,2),(145,'eyJhbGciOiJIUzI1NiJ9.eyJyb2xlcyI6WyJFTVBMT1lFRSJdLCJ1c2VySWQiOiIyIiwic3ViIjoiY2hpbmgiLCJpYXQiOjE2OTk0MTQ4MzksImV4cCI6MTY5OTQxNTczOX0.d44xuPpFhoaGTu0Q-ku8UTRUUyYymIFbodp4DFU7fsA',1,1,1,2,1),(146,'eyJhbGciOiJIUzI1NiJ9.eyJyb2xlcyI6WyJFTVBMT1lFRSJdLCJ1c2VySWQiOiIyIiwic3ViIjoiY2hpbmgiLCJpYXQiOjE2OTk0MTQ4MzksImV4cCI6MTcwMDAxOTYzOX0.c7hZ32ll4RWRPC6vNt8OeiwWLfgR7nlanD1ArjgfOO0',1,1,1,2,2),(147,'eyJhbGciOiJIUzI1NiJ9.eyJyb2xlcyI6WyJFTVBMT1lFRSJdLCJ1c2VySWQiOiIyIiwic3ViIjoiY2hpbmgiLCJpYXQiOjE2OTk0MTUwNDYsImV4cCI6MTY5OTQxNTk0Nn0.fFk10xgM3JhvDKg5RSioQe7K6sI0mYgL2Klv0xq3cZk',1,1,1,2,1),(148,'eyJhbGciOiJIUzI1NiJ9.eyJyb2xlcyI6WyJFTVBMT1lFRSJdLCJ1c2VySWQiOiIyIiwic3ViIjoiY2hpbmgiLCJpYXQiOjE2OTk0MTUwNDYsImV4cCI6MTcwMDAxOTg0Nn0.0xfndAoZdqMglpeu8vdr_dg4oHjvSUqPYIX9H_v_i6U',1,1,1,2,2),(149,'eyJhbGciOiJIUzI1NiJ9.eyJyb2xlcyI6WyJFTVBMT1lFRSJdLCJ1c2VySWQiOiIyIiwic3ViIjoiY2hpbmgiLCJpYXQiOjE2OTk0MTU0NTYsImV4cCI6MTY5OTQxNjM1Nn0.X6a5MF1kVNXbK65D6AmIkbyWk7si9B4pocrU2PtkZYs',1,1,1,2,1),(150,'eyJhbGciOiJIUzI1NiJ9.eyJyb2xlcyI6WyJFTVBMT1lFRSJdLCJ1c2VySWQiOiIyIiwic3ViIjoiY2hpbmgiLCJpYXQiOjE2OTk0MTU0NTYsImV4cCI6MTcwMDAyMDI1Nn0.64U_RQDCrSdEd7uqqOM1djVFWzkV3IELORMUDQPnS9Y',1,1,1,2,2),(151,'eyJhbGciOiJIUzI1NiJ9.eyJyb2xlcyI6WyJFTVBMT1lFRSJdLCJ1c2VySWQiOiIyIiwic3ViIjoiY2hpbmgiLCJpYXQiOjE2OTk0MTU0NzgsImV4cCI6MTY5OTQxNjM3OH0.5nCuEaEXi88c-PvZfDnI0OlPQeoNCm2nkpNw7bwAHRM',1,1,1,2,1),(152,'eyJhbGciOiJIUzI1NiJ9.eyJyb2xlcyI6WyJFTVBMT1lFRSJdLCJ1c2VySWQiOiIyIiwic3ViIjoiY2hpbmgiLCJpYXQiOjE2OTk0MTU0NzgsImV4cCI6MTcwMDAyMDI3OH0.4N5SP_MFj84xtEseJ0ptAqV1WI05NSqTbEmWUmz_tp4',1,1,1,2,2),(153,'eyJhbGciOiJIUzI1NiJ9.eyJyb2xlcyI6WyJFTVBMT1lFRSJdLCJ1c2VySWQiOiIyIiwic3ViIjoiY2hpbmgiLCJpYXQiOjE2OTk0MTU1NDEsImV4cCI6MTY5OTQxNjQ0MX0.y99Kp9hhqOL9Kr65GTZxdHjz4UUT13xrR0tGLowINhs',1,1,1,2,1),(154,'eyJhbGciOiJIUzI1NiJ9.eyJyb2xlcyI6WyJFTVBMT1lFRSJdLCJ1c2VySWQiOiIyIiwic3ViIjoiY2hpbmgiLCJpYXQiOjE2OTk0MTU1NDEsImV4cCI6MTcwMDAyMDM0MX0.gk3SU8geyyG8B2Ga_VC-Aq5q7XI2a4-UYv-5RkkiJ0Q',1,1,1,2,2),(155,'eyJhbGciOiJIUzI1NiJ9.eyJyb2xlcyI6WyJFTVBMT1lFRSJdLCJ1c2VySWQiOiIyIiwic3ViIjoiY2hpbmgiLCJpYXQiOjE2OTk0MTU1NDgsImV4cCI6MTY5OTQxNjQ0OH0.OAg0t3wqqsRhNd4VKYwdCL4F-9KT0taPgoqUhvmRSjo',1,1,1,2,1),(156,'eyJhbGciOiJIUzI1NiJ9.eyJyb2xlcyI6WyJFTVBMT1lFRSJdLCJ1c2VySWQiOiIyIiwic3ViIjoiY2hpbmgiLCJpYXQiOjE2OTk0MTU1NDgsImV4cCI6MTcwMDAyMDM0OH0.9S2t62ljZh5HDgiLYHatw-ah7yxfnFN4M3V8gWm4mek',1,1,1,2,2),(157,'eyJhbGciOiJIUzI1NiJ9.eyJyb2xlcyI6WyJFTVBMT1lFRSJdLCJ1c2VySWQiOiIyIiwic3ViIjoiY2hpbmgiLCJpYXQiOjE2OTk0MTU1NDksImV4cCI6MTY5OTQxNjQ0OX0.dHQcqlON9SGSLB2uAeC7r2qPPS2yQ_7MRO-R5SnWqc4',1,1,1,2,1),(158,'eyJhbGciOiJIUzI1NiJ9.eyJyb2xlcyI6WyJFTVBMT1lFRSJdLCJ1c2VySWQiOiIyIiwic3ViIjoiY2hpbmgiLCJpYXQiOjE2OTk0MTU1NDksImV4cCI6MTcwMDAyMDM0OX0.2Fl2PnLRhRuH070gjHOeDi-sTlsBLSxXqxNbwcEGA78',1,1,1,2,2),(159,'eyJhbGciOiJIUzI1NiJ9.eyJyb2xlcyI6WyJFTVBMT1lFRSJdLCJ1c2VySWQiOiIyIiwic3ViIjoiY2hpbmgiLCJpYXQiOjE2OTk0MTU2ODYsImV4cCI6MTY5OTQxNjU4Nn0.LK8UzUIlMXBWqs17js-fNalooyiO4LyCyPD1pFfwPpY',1,1,1,2,1),(160,'eyJhbGciOiJIUzI1NiJ9.eyJyb2xlcyI6WyJFTVBMT1lFRSJdLCJ1c2VySWQiOiIyIiwic3ViIjoiY2hpbmgiLCJpYXQiOjE2OTk0MTU2ODYsImV4cCI6MTcwMDAyMDQ4Nn0.PpDPhlflu0RZXggghacACD5vcBZfWDhxsTYZl5W7Ad0',1,1,1,2,2),(161,'eyJhbGciOiJIUzI1NiJ9.eyJyb2xlcyI6WyJFTVBMT1lFRSJdLCJ1c2VySWQiOiIyIiwic3ViIjoiY2hpbmgiLCJpYXQiOjE2OTk0MTU5MTQsImV4cCI6MTY5OTQxNjgxNH0.gIwRrzY9M974Wace9sZGCnkGDihNVwvSsNDJtc2gnFU',1,1,1,2,1),(162,'eyJhbGciOiJIUzI1NiJ9.eyJyb2xlcyI6WyJFTVBMT1lFRSJdLCJ1c2VySWQiOiIyIiwic3ViIjoiY2hpbmgiLCJpYXQiOjE2OTk0MTU5MTQsImV4cCI6MTcwMDAyMDcxNH0.TfRAQCF_lmyUOcU_3u7DCBvAMgucM-Hsv8TZpZGe3AI',1,1,1,2,2),(163,'eyJhbGciOiJIUzI1NiJ9.eyJyb2xlcyI6WyJFTVBMT1lFRSJdLCJ1c2VySWQiOiIyIiwic3ViIjoiY2hpbmgiLCJpYXQiOjE2OTk0MTY4NTAsImV4cCI6MTY5OTQxNzc1MH0.Vy4rGmOYq_vKcOPhp9QVQ6wMFs4m5W9v0XhtVTLG1iE',1,1,1,2,1),(164,'eyJhbGciOiJIUzI1NiJ9.eyJyb2xlcyI6WyJFTVBMT1lFRSJdLCJ1c2VySWQiOiIyIiwic3ViIjoiY2hpbmgiLCJpYXQiOjE2OTk0MTY4NTAsImV4cCI6MTcwMDAyMTY1MH0.goXG6vrqOLnZ85LhSbHloDQh8tWRlkp_5QrlC1qSCPA',1,1,1,2,2),(165,'eyJhbGciOiJIUzI1NiJ9.eyJyb2xlcyI6WyJFTVBMT1lFRSJdLCJ1c2VySWQiOiIyIiwic3ViIjoiY2hpbmgiLCJpYXQiOjE2OTk0MTY5NjYsImV4cCI6MTY5OTQxNzg2Nn0.swOqFlvQlucjCZU1Q_12KQzC-2tj3Sz_zZ35KqP9dwg',1,1,1,2,1),(166,'eyJhbGciOiJIUzI1NiJ9.eyJyb2xlcyI6WyJFTVBMT1lFRSJdLCJ1c2VySWQiOiIyIiwic3ViIjoiY2hpbmgiLCJpYXQiOjE2OTk0MTY5NjYsImV4cCI6MTcwMDAyMTc2Nn0.zoWNBhpad49g-oxw-l2_Ud6ClxqdYygzAhfW_tNRLc0',1,1,1,2,2),(167,'eyJhbGciOiJIUzI1NiJ9.eyJyb2xlcyI6WyJFTVBMT1lFRSJdLCJ1c2VySWQiOiIyIiwic3ViIjoiY2hpbmgiLCJpYXQiOjE2OTk0MTgxNzksImV4cCI6MTY5OTQxOTA3OX0.9UJWCwjDo_eFJoAgACL7vzb7pOO0M_rZ4H-Nclr9K14',1,1,1,2,1),(168,'eyJhbGciOiJIUzI1NiJ9.eyJyb2xlcyI6WyJFTVBMT1lFRSJdLCJ1c2VySWQiOiIyIiwic3ViIjoiY2hpbmgiLCJpYXQiOjE2OTk0MTgxNzksImV4cCI6MTcwMDAyMjk3OX0.9ZQJUevckHKI8xkF7xCDG8uQp2QIuwB6qcQ3ImjZCbg',1,1,1,2,2),(169,'eyJhbGciOiJIUzI1NiJ9.eyJyb2xlcyI6WyJFTVBMT1lFRSJdLCJ1c2VySWQiOiIyIiwic3ViIjoiY2hpbmgiLCJpYXQiOjE2OTk0MTgyMjAsImV4cCI6MTY5OTQxOTEyMH0.vsv69yCpKNrv-LyK-M1pS7K6sFV5ulzgp-wfACgKT0Q',1,1,1,2,1),(170,'eyJhbGciOiJIUzI1NiJ9.eyJyb2xlcyI6WyJFTVBMT1lFRSJdLCJ1c2VySWQiOiIyIiwic3ViIjoiY2hpbmgiLCJpYXQiOjE2OTk0MTgyMjAsImV4cCI6MTcwMDAyMzAyMH0.gOZYzHylXbYjp7BvQ1NqYjTQOIpzKPEgxqYAHnlLIGY',1,1,1,2,2),(171,'eyJhbGciOiJIUzI1NiJ9.eyJyb2xlcyI6WyJFTVBMT1lFRSJdLCJ1c2VySWQiOiIyIiwic3ViIjoiY2hpbmgiLCJpYXQiOjE2OTk0MTgzNzMsImV4cCI6MTY5OTQxOTI3M30.ZiaMgAvLtw0mEmjxV_m4N45L4kXeG71JaUZTsZp6kOg',1,1,1,2,1),(172,'eyJhbGciOiJIUzI1NiJ9.eyJyb2xlcyI6WyJFTVBMT1lFRSJdLCJ1c2VySWQiOiIyIiwic3ViIjoiY2hpbmgiLCJpYXQiOjE2OTk0MTgzNzMsImV4cCI6MTcwMDAyMzE3M30.aFk6FRjeFzdJ6h5unhu2LfHtyZSzrZ2T805DY80HMoE',1,1,1,2,2),(173,'eyJhbGciOiJIUzI1NiJ9.eyJyb2xlcyI6WyJFTVBMT1lFRSJdLCJ1c2VySWQiOiIyIiwic3ViIjoiY2hpbmgiLCJpYXQiOjE2OTk0MTgzODIsImV4cCI6MTY5OTQxOTI4Mn0.ToSkZLBpHyaCEcRUulUenUYLZU8kEBvh4t9Gauml99U',1,1,1,2,1),(174,'eyJhbGciOiJIUzI1NiJ9.eyJyb2xlcyI6WyJFTVBMT1lFRSJdLCJ1c2VySWQiOiIyIiwic3ViIjoiY2hpbmgiLCJpYXQiOjE2OTk0MTgzODIsImV4cCI6MTcwMDAyMzE4Mn0.jA-sNGgCm5lzpH9kXiUtpV2uXLv1ZWXGRaGFyXhhnDI',1,1,1,2,2),(175,'eyJhbGciOiJIUzI1NiJ9.eyJyb2xlcyI6WyJFTVBMT1lFRSJdLCJ1c2VySWQiOiIyIiwic3ViIjoiY2hpbmgiLCJpYXQiOjE2OTk0MTg0MTIsImV4cCI6MTY5OTQxOTMxMn0.ka9NAz0EZLkPlVM1Kp7P86IYv3-nnI9RggQ-qkDEEQ8',1,1,1,2,1),(176,'eyJhbGciOiJIUzI1NiJ9.eyJyb2xlcyI6WyJFTVBMT1lFRSJdLCJ1c2VySWQiOiIyIiwic3ViIjoiY2hpbmgiLCJpYXQiOjE2OTk0MTg0MTIsImV4cCI6MTcwMDAyMzIxMn0.kZWe9YdgkkMEZ2pZUpktS_BmrgSJewzRjWFpRo2-T1A',1,1,1,2,2),(177,'eyJhbGciOiJIUzI1NiJ9.eyJyb2xlcyI6WyJFTVBMT1lFRSJdLCJ1c2VySWQiOiIyIiwic3ViIjoiY2hpbmgiLCJpYXQiOjE2OTk0MTg0MjEsImV4cCI6MTY5OTQxOTMyMX0.8PNTLBfiCKRaSGfF0DK9lc9JENIiWYSGOm4wA91YTno',1,1,1,2,1),(178,'eyJhbGciOiJIUzI1NiJ9.eyJyb2xlcyI6WyJFTVBMT1lFRSJdLCJ1c2VySWQiOiIyIiwic3ViIjoiY2hpbmgiLCJpYXQiOjE2OTk0MTg0MjEsImV4cCI6MTcwMDAyMzIyMX0.edv5MC7Zap4h3eKwDX1_AYtO6Zsjx1QEWb-uvij585U',1,1,1,2,2),(179,'eyJhbGciOiJIUzI1NiJ9.eyJyb2xlcyI6WyJFTVBMT1lFRSJdLCJ1c2VySWQiOiIyIiwic3ViIjoiY2hpbmgiLCJpYXQiOjE2OTk0MjI3MTUsImV4cCI6MTY5OTQyMzYxNX0.86PZlWcC4W6QIysDwTR2RcDuflBNDpXX9RLs4D5WkAc',1,1,1,2,1),(180,'eyJhbGciOiJIUzI1NiJ9.eyJyb2xlcyI6WyJFTVBMT1lFRSJdLCJ1c2VySWQiOiIyIiwic3ViIjoiY2hpbmgiLCJpYXQiOjE2OTk0MjI3MTUsImV4cCI6MTcwMDAyNzUxNX0.eK8pNPrnXXN7LBhnLN7_UN51RgWuSF3gYCImeu9Gz4E',1,1,1,2,2),(181,'eyJhbGciOiJIUzI1NiJ9.eyJyb2xlcyI6WyJFTVBMT1lFRSJdLCJ1c2VySWQiOiIyIiwic3ViIjoiY2hpbmgiLCJpYXQiOjE2OTk0MjI3NDgsImV4cCI6MTY5OTQyMzY0OH0.kYdYm8kRzxkO4-jI-xbs36MtVf7aAAQx-ti8RY4mGWY',1,1,1,2,1),(182,'eyJhbGciOiJIUzI1NiJ9.eyJyb2xlcyI6WyJFTVBMT1lFRSJdLCJ1c2VySWQiOiIyIiwic3ViIjoiY2hpbmgiLCJpYXQiOjE2OTk0MjI3NDgsImV4cCI6MTcwMDAyNzU0OH0.P7mCJ2PKWnhs6oUQGWuFu_k22dHeFbtu5cMTGKR2hqI',1,1,1,2,2),(183,'eyJhbGciOiJIUzI1NiJ9.eyJyb2xlcyI6WyJFTVBMT1lFRSJdLCJ1c2VySWQiOiIyIiwic3ViIjoiY2hpbmgiLCJpYXQiOjE2OTk0MjI3ODAsImV4cCI6MTY5OTQyMzY4MH0.S76oXWRVvbA0v4PztD0jvhD7epKw0MT28FKg41RNnP4',1,1,1,2,1),(184,'eyJhbGciOiJIUzI1NiJ9.eyJyb2xlcyI6WyJFTVBMT1lFRSJdLCJ1c2VySWQiOiIyIiwic3ViIjoiY2hpbmgiLCJpYXQiOjE2OTk0MjI3ODAsImV4cCI6MTcwMDAyNzU4MH0.4ZQEXVC6msl9CiSvnEa78hrCCcju2WtnhzwqQhiZ4WM',1,1,1,2,2),(185,'eyJhbGciOiJIUzI1NiJ9.eyJyb2xlcyI6WyJFTVBMT1lFRSJdLCJ1c2VySWQiOiIyIiwic3ViIjoiY2hpbmgiLCJpYXQiOjE2OTk0MjI4MTQsImV4cCI6MTY5OTQyMzcxNH0.UjjbpXlROMLC4qUlT25PCjDe6_ExFT3S85C9G60IVts',1,1,1,2,1),(186,'eyJhbGciOiJIUzI1NiJ9.eyJyb2xlcyI6WyJFTVBMT1lFRSJdLCJ1c2VySWQiOiIyIiwic3ViIjoiY2hpbmgiLCJpYXQiOjE2OTk0MjI4MTQsImV4cCI6MTcwMDAyNzYxNH0.-RmRPr1JWfMMKBwvDfsliStONsKnPSMGyfz4hhWJgA8',1,1,1,2,2),(187,'eyJhbGciOiJIUzI1NiJ9.eyJyb2xlcyI6WyJFTVBMT1lFRSJdLCJ1c2VySWQiOiIyIiwic3ViIjoiY2hpbmgiLCJpYXQiOjE2OTk0MjI4NjEsImV4cCI6MTY5OTQyMzc2MX0.M5aeeQFqAbufZHt-HhszO9ZrOmYE1dLDYD5VnJ2BLFI',1,1,1,2,1),(188,'eyJhbGciOiJIUzI1NiJ9.eyJyb2xlcyI6WyJFTVBMT1lFRSJdLCJ1c2VySWQiOiIyIiwic3ViIjoiY2hpbmgiLCJpYXQiOjE2OTk0MjI4NjEsImV4cCI6MTcwMDAyNzY2MX0.UWVqpo3E9Q_RQYOD7dLpW9yQvQQk1sRwKmSTMhNFCOo',1,1,1,2,2),(189,'eyJhbGciOiJIUzI1NiJ9.eyJyb2xlcyI6WyJFTVBMT1lFRSJdLCJ1c2VySWQiOiIyIiwic3ViIjoiY2hpbmgiLCJpYXQiOjE2OTk0MjMwMzUsImV4cCI6MTY5OTQyMzkzNX0.HgyIAdlIeUlrqCgQKfIbzT5MoNQzM6f1sH0l8eJwk6A',1,1,1,2,1),(190,'eyJhbGciOiJIUzI1NiJ9.eyJyb2xlcyI6WyJFTVBMT1lFRSJdLCJ1c2VySWQiOiIyIiwic3ViIjoiY2hpbmgiLCJpYXQiOjE2OTk0MjMwMzUsImV4cCI6MTcwMDAyNzgzNX0.qMVrPkYhWuPpz-rWAS1_GYQaSOi320pWzFC8D4MErVE',1,1,1,2,2),(191,'eyJhbGciOiJIUzI1NiJ9.eyJyb2xlcyI6WyJFTVBMT1lFRSJdLCJ1c2VySWQiOiIyIiwic3ViIjoiY2hpbmgiLCJpYXQiOjE2OTk0MjMwNDUsImV4cCI6MTY5OTQyMzk0NX0.tDQNeK-eK7JIIKo3pBN8dFTzkQ-yYmlwggqregs_KfM',1,1,1,2,1),(192,'eyJhbGciOiJIUzI1NiJ9.eyJyb2xlcyI6WyJFTVBMT1lFRSJdLCJ1c2VySWQiOiIyIiwic3ViIjoiY2hpbmgiLCJpYXQiOjE2OTk0MjMwNDUsImV4cCI6MTcwMDAyNzg0NX0.NQmZfI6FtxG4Ar09OK5KLh9u7hDRsOm0DycjBvPsPMs',1,1,1,2,2),(193,'eyJhbGciOiJIUzI1NiJ9.eyJyb2xlcyI6WyJFTVBMT1lFRSJdLCJ1c2VySWQiOiIyIiwic3ViIjoiY2hpbmgiLCJpYXQiOjE2OTk0MjMwNTEsImV4cCI6MTY5OTQyMzk1MX0.youkdlGuDtk0ObFOHj_tAUwfyazLY4a5TqBW-XIjpvg',1,1,1,2,1),(194,'eyJhbGciOiJIUzI1NiJ9.eyJyb2xlcyI6WyJFTVBMT1lFRSJdLCJ1c2VySWQiOiIyIiwic3ViIjoiY2hpbmgiLCJpYXQiOjE2OTk0MjMwNTEsImV4cCI6MTcwMDAyNzg1MX0.DOlD_walsyjgOS_nL3bPEgtsvVyFExD5iqzqhAzFlfg',1,1,1,2,2),(195,'eyJhbGciOiJIUzI1NiJ9.eyJyb2xlcyI6WyJFTVBMT1lFRSJdLCJ1c2VySWQiOiIyIiwic3ViIjoiY2hpbmgiLCJpYXQiOjE2OTk0MjMwNjQsImV4cCI6MTY5OTQyMzk2NH0.k7fUMBLGg8SewRVYFPAnArA8Zzx3TrWDGHOI5rWH0JU',1,1,1,2,1),(196,'eyJhbGciOiJIUzI1NiJ9.eyJyb2xlcyI6WyJFTVBMT1lFRSJdLCJ1c2VySWQiOiIyIiwic3ViIjoiY2hpbmgiLCJpYXQiOjE2OTk0MjMwNjQsImV4cCI6MTcwMDAyNzg2NH0.Xu2arI65tbNUvulH5qIdp7LCKdFg58gsNwUTO-lZC_o',1,1,1,2,2),(197,'eyJhbGciOiJIUzI1NiJ9.eyJyb2xlcyI6WyJFTVBMT1lFRSJdLCJ1c2VySWQiOiIyIiwic3ViIjoiY2hpbmgiLCJpYXQiOjE2OTk0MjMwNzYsImV4cCI6MTY5OTQyMzk3Nn0.77HpjS47zsPzXAAJK-bzwgrzf_pvk2fuyQgk-to-lAY',1,1,1,2,1),(198,'eyJhbGciOiJIUzI1NiJ9.eyJyb2xlcyI6WyJFTVBMT1lFRSJdLCJ1c2VySWQiOiIyIiwic3ViIjoiY2hpbmgiLCJpYXQiOjE2OTk0MjMwNzYsImV4cCI6MTcwMDAyNzg3Nn0.SiYeLTH3nSB6H-95eQ-PzW-bciiub09hmjm5_Vz-rQQ',1,1,1,2,2),(199,'eyJhbGciOiJIUzI1NiJ9.eyJyb2xlcyI6WyJFTVBMT1lFRSJdLCJ1c2VySWQiOiIyIiwic3ViIjoiY2hpbmgiLCJpYXQiOjE2OTk0MjMxNzUsImV4cCI6MTY5OTQyNDA3NX0.tU57l0ZYno6mCy-wqjJNS-uQGrk2jHHyCZCsIGbqt-A',1,1,1,2,1),(200,'eyJhbGciOiJIUzI1NiJ9.eyJyb2xlcyI6WyJFTVBMT1lFRSJdLCJ1c2VySWQiOiIyIiwic3ViIjoiY2hpbmgiLCJpYXQiOjE2OTk0MjMxNzUsImV4cCI6MTcwMDAyNzk3NX0.Nk2Z6BYsgE5o5qz-zkV7lj4Gs9MCwzuPuMw-h17zV0c',1,1,1,2,2),(201,'eyJhbGciOiJIUzI1NiJ9.eyJyb2xlcyI6WyJFTVBMT1lFRSJdLCJ1c2VySWQiOiIyIiwic3ViIjoiY2hpbmgiLCJpYXQiOjE2OTk0MjMxNzksImV4cCI6MTY5OTQyNDA3OX0.6XJvXxCXIpTnJciJEgNd29LeTXNXBGJBEYjClr5Gs8k',1,1,1,2,1),(202,'eyJhbGciOiJIUzI1NiJ9.eyJyb2xlcyI6WyJFTVBMT1lFRSJdLCJ1c2VySWQiOiIyIiwic3ViIjoiY2hpbmgiLCJpYXQiOjE2OTk0MjMxNzksImV4cCI6MTcwMDAyNzk3OX0._h0nePOF3DIw1W_O6_YUrEdF4xk2uyGNHi-a2Nm43jU',1,1,1,2,2),(203,'eyJhbGciOiJIUzI1NiJ9.eyJyb2xlcyI6WyJFTVBMT1lFRSJdLCJ1c2VySWQiOiIyIiwic3ViIjoiY2hpbmgiLCJpYXQiOjE2OTk0MjMxODEsImV4cCI6MTY5OTQyNDA4MX0.H0JXMQji6R7o4wBV9zmV0bdlZE3NNP1x38cuRs9P7Jk',1,1,1,2,1),(204,'eyJhbGciOiJIUzI1NiJ9.eyJyb2xlcyI6WyJFTVBMT1lFRSJdLCJ1c2VySWQiOiIyIiwic3ViIjoiY2hpbmgiLCJpYXQiOjE2OTk0MjMxODEsImV4cCI6MTcwMDAyNzk4MX0.0tdfGeHLzjDtS3_mrTSWXUOtMj48WbmHRwwtt7rDY8M',1,1,1,2,2),(205,'eyJhbGciOiJIUzI1NiJ9.eyJyb2xlcyI6WyJFTVBMT1lFRSJdLCJ1c2VySWQiOiIyIiwic3ViIjoiY2hpbmgiLCJpYXQiOjE2OTk0MjMxODIsImV4cCI6MTY5OTQyNDA4Mn0.vk93V-Kk1UbSERCZd21pJmDOKS-maI6BcQrFAxK4fVQ',1,1,1,2,1),(206,'eyJhbGciOiJIUzI1NiJ9.eyJyb2xlcyI6WyJFTVBMT1lFRSJdLCJ1c2VySWQiOiIyIiwic3ViIjoiY2hpbmgiLCJpYXQiOjE2OTk0MjMxODIsImV4cCI6MTcwMDAyNzk4Mn0.-ga-Ib5mnzd07ZUS-9lLHVjBkgJCaQt6P5CZZsUuqYI',1,1,1,2,2),(207,'eyJhbGciOiJIUzI1NiJ9.eyJyb2xlcyI6WyJFTVBMT1lFRSJdLCJ1c2VySWQiOiIyIiwic3ViIjoiY2hpbmgiLCJpYXQiOjE2OTk0MjMxODMsImV4cCI6MTY5OTQyNDA4M30.Ox56wlY9V-5oZH57woG_j8lz-ZiXJupHT9j3ImO0Jjk',1,1,1,2,1),(208,'eyJhbGciOiJIUzI1NiJ9.eyJyb2xlcyI6WyJFTVBMT1lFRSJdLCJ1c2VySWQiOiIyIiwic3ViIjoiY2hpbmgiLCJpYXQiOjE2OTk0MjMxODMsImV4cCI6MTcwMDAyNzk4M30.L8odkrVkvMqpQH7Px0zqCKRiovQCp0liE7yR8ZsF2Ew',1,1,1,2,2),(209,'eyJhbGciOiJIUzI1NiJ9.eyJyb2xlcyI6WyJFTVBMT1lFRSJdLCJ1c2VySWQiOiIyIiwic3ViIjoiY2hpbmgiLCJpYXQiOjE2OTk0MjMxODksImV4cCI6MTY5OTQyNDA4OX0.bOInLmanzjDpeA7pI9mNUMPbaFQoL2LrHS4fnjVKNmM',1,1,1,2,1),(210,'eyJhbGciOiJIUzI1NiJ9.eyJyb2xlcyI6WyJFTVBMT1lFRSJdLCJ1c2VySWQiOiIyIiwic3ViIjoiY2hpbmgiLCJpYXQiOjE2OTk0MjMxODksImV4cCI6MTcwMDAyNzk4OX0.Rgtv1kLLP2nGybliObvfiUssdw9Bk2Ymv1QV__VgdP8',1,1,1,2,2),(211,'eyJhbGciOiJIUzI1NiJ9.eyJyb2xlcyI6WyJFTVBMT1lFRSJdLCJ1c2VySWQiOiIyIiwic3ViIjoiY2hpbmgiLCJpYXQiOjE2OTk0MjMxOTEsImV4cCI6MTY5OTQyNDA5MX0.Fm-fM2JqV7lXjNtX6ZUkHZ086O9C581OSVSjfiYQkJM',1,1,1,2,1),(212,'eyJhbGciOiJIUzI1NiJ9.eyJyb2xlcyI6WyJFTVBMT1lFRSJdLCJ1c2VySWQiOiIyIiwic3ViIjoiY2hpbmgiLCJpYXQiOjE2OTk0MjMxOTEsImV4cCI6MTcwMDAyNzk5MX0.iA5NrUniGAjWFATrWzKnCPfd8qmGVmeZ5CKXxwcaawE',1,1,1,2,2),(213,'eyJhbGciOiJIUzI1NiJ9.eyJyb2xlcyI6WyJFTVBMT1lFRSJdLCJ1c2VySWQiOiIyIiwic3ViIjoiY2hpbmgiLCJpYXQiOjE2OTk0MjMxOTMsImV4cCI6MTY5OTQyNDA5M30.UlFAqBVhmkoAOoCYEpW53-qDGMLa7rQ-uWDOCEqAp3o',1,1,1,2,1),(214,'eyJhbGciOiJIUzI1NiJ9.eyJyb2xlcyI6WyJFTVBMT1lFRSJdLCJ1c2VySWQiOiIyIiwic3ViIjoiY2hpbmgiLCJpYXQiOjE2OTk0MjMxOTMsImV4cCI6MTcwMDAyNzk5M30.K7SaKObun1mq_kaolBzwaD3JtOA7tPLFuq6vHtGxekQ',1,1,1,2,2),(215,'eyJhbGciOiJIUzI1NiJ9.eyJyb2xlcyI6WyJFTVBMT1lFRSJdLCJ1c2VySWQiOiIyIiwic3ViIjoiY2hpbmgiLCJpYXQiOjE2OTk0MjMxOTQsImV4cCI6MTY5OTQyNDA5NH0.Ydxlo57FSf-_xA5_JKkol4HEhiyvlH4VlWJiG87SALU',1,1,1,2,1),(216,'eyJhbGciOiJIUzI1NiJ9.eyJyb2xlcyI6WyJFTVBMT1lFRSJdLCJ1c2VySWQiOiIyIiwic3ViIjoiY2hpbmgiLCJpYXQiOjE2OTk0MjMxOTQsImV4cCI6MTcwMDAyNzk5NH0.0VTrlKZUb8fjdmIPDSHlnvtkqKa5etTEWNbIx2SDBy8',1,1,1,2,2),(217,'eyJhbGciOiJIUzI1NiJ9.eyJyb2xlcyI6WyJFTVBMT1lFRSJdLCJ1c2VySWQiOiIyIiwic3ViIjoiY2hpbmgiLCJpYXQiOjE2OTk0MjM5MjEsImV4cCI6MTY5OTQyNDgyMX0.3RwIRz1oUoevyEBjhw0xbbSC0ekNNO0YeItBoO88k7E',1,1,1,2,1),(218,'eyJhbGciOiJIUzI1NiJ9.eyJyb2xlcyI6WyJFTVBMT1lFRSJdLCJ1c2VySWQiOiIyIiwic3ViIjoiY2hpbmgiLCJpYXQiOjE2OTk0MjM5MjEsImV4cCI6MTcwMDAyODcyMX0.TIreUsaEP9KjnPsr6mLY5CbHVfthOOo8gX2qcdr0kH0',1,1,1,2,2),(219,'eyJhbGciOiJIUzI1NiJ9.eyJyb2xlcyI6WyJFTVBMT1lFRSJdLCJ1c2VySWQiOiIyIiwic3ViIjoiY2hpbmgiLCJpYXQiOjE2OTk0MjQyNjIsImV4cCI6MTY5OTQyNTE2Mn0.o1hGHzWRWqNsYk8_eHQFP1XBAxvFPMJIE-ZAnzgO7t4',1,1,1,2,1),(220,'eyJhbGciOiJIUzI1NiJ9.eyJyb2xlcyI6WyJFTVBMT1lFRSJdLCJ1c2VySWQiOiIyIiwic3ViIjoiY2hpbmgiLCJpYXQiOjE2OTk0MjQyNjIsImV4cCI6MTcwMDAyOTA2Mn0.QpnLeKXRU8arPyVpuyQqJ1fjo4F10OYyc48nAv6V_hk',1,1,1,2,2),(221,'eyJhbGciOiJIUzI1NiJ9.eyJyb2xlcyI6WyJFTVBMT1lFRSJdLCJ1c2VySWQiOiIyIiwic3ViIjoiY2hpbmgiLCJpYXQiOjE2OTk0MjQ0MDMsImV4cCI6MTY5OTQyNTMwM30.KlBq_BS1sW4OO8_BYPumixTIAldVjZFAyl_Q8ofT9ZU',1,1,1,2,1),(222,'eyJhbGciOiJIUzI1NiJ9.eyJyb2xlcyI6WyJFTVBMT1lFRSJdLCJ1c2VySWQiOiIyIiwic3ViIjoiY2hpbmgiLCJpYXQiOjE2OTk0MjQ0MDMsImV4cCI6MTcwMDAyOTIwM30.GI0SaIoy6oFpilEfMZ9ms21kkxytRm0XCidjLoJ6YYY',1,1,1,2,2),(223,'eyJhbGciOiJIUzI1NiJ9.eyJyb2xlcyI6WyJFTVBMT1lFRSJdLCJ1c2VySWQiOiIyIiwic3ViIjoiY2hpbmgiLCJpYXQiOjE2OTk0MjQ0MDYsImV4cCI6MTY5OTQyNTMwNn0._HHqCVK7ZKOvtJArzh7-DQLZBx3RFUjcPhI2R5qi_mg',1,1,1,2,1),(224,'eyJhbGciOiJIUzI1NiJ9.eyJyb2xlcyI6WyJFTVBMT1lFRSJdLCJ1c2VySWQiOiIyIiwic3ViIjoiY2hpbmgiLCJpYXQiOjE2OTk0MjQ0MDYsImV4cCI6MTcwMDAyOTIwNn0.vVJI0YDkIiKWDLlgtujUxHq8HhO6Y4Bd_Z8G2_GYR1M',1,1,1,2,2),(225,'eyJhbGciOiJIUzI1NiJ9.eyJyb2xlcyI6WyJFTVBMT1lFRSJdLCJ1c2VySWQiOiIyIiwic3ViIjoiY2hpbmgiLCJpYXQiOjE2OTk0MjQ0MDgsImV4cCI6MTY5OTQyNTMwOH0.ntsYv_YOiwsgeELXw43nqK9Ie8D2JS161YZXfKrZqdE',1,1,1,2,1),(226,'eyJhbGciOiJIUzI1NiJ9.eyJyb2xlcyI6WyJFTVBMT1lFRSJdLCJ1c2VySWQiOiIyIiwic3ViIjoiY2hpbmgiLCJpYXQiOjE2OTk0MjQ0MDgsImV4cCI6MTcwMDAyOTIwOH0.5dZhmErATdyBEK4ObH0Up0kN_ZKNctEzYCu2bZsE_i8',1,1,1,2,2),(227,'eyJhbGciOiJIUzI1NiJ9.eyJyb2xlcyI6WyJFTVBMT1lFRSJdLCJ1c2VySWQiOiIyIiwic3ViIjoiY2hpbmgiLCJpYXQiOjE2OTk0MjQ0NTIsImV4cCI6MTY5OTQyNTM1Mn0.J1LHQeR5mahwMWT1xu-sID3ryBenuOL2IcnaSYaYs-o',1,1,1,2,1),(228,'eyJhbGciOiJIUzI1NiJ9.eyJyb2xlcyI6WyJFTVBMT1lFRSJdLCJ1c2VySWQiOiIyIiwic3ViIjoiY2hpbmgiLCJpYXQiOjE2OTk0MjQ0NTIsImV4cCI6MTcwMDAyOTI1Mn0.5eUrUTlEt3mlK7srKqrEvCL_pw2U3yO35lWYiCb8CA0',1,1,1,2,2),(229,'eyJhbGciOiJIUzI1NiJ9.eyJyb2xlcyI6WyJFTVBMT1lFRSJdLCJ1c2VySWQiOiIyIiwic3ViIjoiY2hpbmgiLCJpYXQiOjE2OTk0MjQ1MDEsImV4cCI6MTY5OTQyNTQwMX0.NnnM6K07mSK8vVDk-qvU-rvb2rb8uVCtBW3cF3xFkXI',1,1,1,2,1),(230,'eyJhbGciOiJIUzI1NiJ9.eyJyb2xlcyI6WyJFTVBMT1lFRSJdLCJ1c2VySWQiOiIyIiwic3ViIjoiY2hpbmgiLCJpYXQiOjE2OTk0MjQ1MDEsImV4cCI6MTcwMDAyOTMwMX0.yySDVS6CERysGgWdggFJGDUfrMOjgXBR8Ipnb0hMndU',1,1,1,2,2),(231,'eyJhbGciOiJIUzI1NiJ9.eyJyb2xlcyI6WyJFTVBMT1lFRSJdLCJ1c2VySWQiOiIyIiwic3ViIjoiY2hpbmgiLCJpYXQiOjE2OTk0MjQ1MDgsImV4cCI6MTY5OTQyNTQwOH0.lb4Uwjn-k42LEP7yhg5mvA-x5f8bkRNJxBiGz7m8U5Q',1,1,1,2,1),(232,'eyJhbGciOiJIUzI1NiJ9.eyJyb2xlcyI6WyJFTVBMT1lFRSJdLCJ1c2VySWQiOiIyIiwic3ViIjoiY2hpbmgiLCJpYXQiOjE2OTk0MjQ1MDgsImV4cCI6MTcwMDAyOTMwOH0.P5EAKUDCE8907_3r7WDrMfyGEYKut7DwI8swBLlwQBI',1,1,1,2,2),(233,'eyJhbGciOiJIUzI1NiJ9.eyJyb2xlcyI6WyJFTVBMT1lFRSJdLCJ1c2VySWQiOiIyIiwic3ViIjoiY2hpbmgiLCJpYXQiOjE2OTk0MjQ2MTQsImV4cCI6MTY5OTQyNTUxNH0.8HWGYJmrYZ0502H2jsYsK646gXPCbjQEtDapQ8zDDfc',1,1,1,2,1),(234,'eyJhbGciOiJIUzI1NiJ9.eyJyb2xlcyI6WyJFTVBMT1lFRSJdLCJ1c2VySWQiOiIyIiwic3ViIjoiY2hpbmgiLCJpYXQiOjE2OTk0MjQ2MTQsImV4cCI6MTcwMDAyOTQxNH0.nvOWmAFR08GrE57lZgXXg-BTUHJ4fLdPLmJnfVHPcXk',1,1,1,2,2),(235,'eyJhbGciOiJIUzI1NiJ9.eyJyb2xlcyI6WyJFTVBMT1lFRSJdLCJ1c2VySWQiOiIyIiwic3ViIjoiY2hpbmgiLCJpYXQiOjE2OTk0MjQ2MjcsImV4cCI6MTY5OTQyNTUyN30.A67L9I-EirA9dXtzxb1nV1gsw6IQrFY_J6I-jrCl5iw',1,1,1,2,1),(236,'eyJhbGciOiJIUzI1NiJ9.eyJyb2xlcyI6WyJFTVBMT1lFRSJdLCJ1c2VySWQiOiIyIiwic3ViIjoiY2hpbmgiLCJpYXQiOjE2OTk0MjQ2MjcsImV4cCI6MTcwMDAyOTQyN30.RB6l9FGppP6tE4givnErlpviGJc9ZY1KbMObhpqHC-8',1,1,1,2,2),(237,'eyJhbGciOiJIUzI1NiJ9.eyJyb2xlcyI6WyJFTVBMT1lFRSJdLCJ1c2VySWQiOiIyIiwic3ViIjoiY2hpbmgiLCJpYXQiOjE2OTk0MjQ2NTksImV4cCI6MTY5OTQyNTU1OX0.n97xSe-2Y8NwWpz-2SrdDyz7KMQhkHpW9YzJd_B8yeU',1,1,1,2,1),(238,'eyJhbGciOiJIUzI1NiJ9.eyJyb2xlcyI6WyJFTVBMT1lFRSJdLCJ1c2VySWQiOiIyIiwic3ViIjoiY2hpbmgiLCJpYXQiOjE2OTk0MjQ2NTksImV4cCI6MTcwMDAyOTQ1OX0.-lMA5rEXdKOjYXRPPTlkmp6G7Ys2x27XDMpRrbYiNPE',1,1,1,2,2),(239,'eyJhbGciOiJIUzI1NiJ9.eyJyb2xlcyI6WyJFTVBMT1lFRSJdLCJ1c2VySWQiOiIyIiwic3ViIjoiY2hpbmgiLCJpYXQiOjE2OTk0MjQ2NjksImV4cCI6MTY5OTQyNTU2OX0.piYj-YJalkAALNycjmtgk8dVEN9UBGoj9WM31B6ZhNs',1,1,1,2,1),(240,'eyJhbGciOiJIUzI1NiJ9.eyJyb2xlcyI6WyJFTVBMT1lFRSJdLCJ1c2VySWQiOiIyIiwic3ViIjoiY2hpbmgiLCJpYXQiOjE2OTk0MjQ2NjksImV4cCI6MTcwMDAyOTQ2OX0.onCzKMg5y3Je0IuTXWeT7XxFErsIKfSoTjxsnITa3ns',1,1,1,2,2),(241,'eyJhbGciOiJIUzI1NiJ9.eyJyb2xlcyI6WyJFTVBMT1lFRSJdLCJ1c2VySWQiOiIyIiwic3ViIjoiY2hpbmgiLCJpYXQiOjE2OTk0MjQ3NTQsImV4cCI6MTY5OTQyNTY1NH0.tdBkpZL9HFRMRrRSWoFNHShILcNRavbeaUSmcM5enoo',1,1,1,2,1),(242,'eyJhbGciOiJIUzI1NiJ9.eyJyb2xlcyI6WyJFTVBMT1lFRSJdLCJ1c2VySWQiOiIyIiwic3ViIjoiY2hpbmgiLCJpYXQiOjE2OTk0MjQ3NTQsImV4cCI6MTcwMDAyOTU1NH0.cp7cNp2VVAeMVfbzJMpy1nw6dDu2GHanLMmyJa7fFzE',1,1,1,2,2),(243,'eyJhbGciOiJIUzI1NiJ9.eyJyb2xlcyI6WyJFTVBMT1lFRSJdLCJ1c2VySWQiOiIyIiwic3ViIjoiY2hpbmgiLCJpYXQiOjE2OTk0MjQ4NTMsImV4cCI6MTY5OTQyNTc1M30.-yUMxe4GN3cHmsnlf87ugF9T55CgbIYAs-qELoc2sqM',1,1,1,2,1),(244,'eyJhbGciOiJIUzI1NiJ9.eyJyb2xlcyI6WyJFTVBMT1lFRSJdLCJ1c2VySWQiOiIyIiwic3ViIjoiY2hpbmgiLCJpYXQiOjE2OTk0MjQ4NTMsImV4cCI6MTcwMDAyOTY1M30.kdgZL0hALwIqlmUPP4Wg6xrDp8w0SMxOKdlzSrqgiPM',1,1,1,2,2),(245,'eyJhbGciOiJIUzI1NiJ9.eyJyb2xlcyI6WyJFTVBMT1lFRSJdLCJ1c2VySWQiOiIyIiwic3ViIjoiY2hpbmgiLCJpYXQiOjE2OTk0MjQ5MDYsImV4cCI6MTY5OTQyNTgwNn0.iNLrwJuKCaOAYRJDN0TRCdzmQ4HFQwLHSEz_X-NnS6A',1,1,1,2,1),(246,'eyJhbGciOiJIUzI1NiJ9.eyJyb2xlcyI6WyJFTVBMT1lFRSJdLCJ1c2VySWQiOiIyIiwic3ViIjoiY2hpbmgiLCJpYXQiOjE2OTk0MjQ5MDYsImV4cCI6MTcwMDAyOTcwNn0.2QggTqkWtooCDtpTLGaiqO1GJjwiJcel8pqY-4jWrqw',1,1,1,2,2),(247,'eyJhbGciOiJIUzI1NiJ9.eyJyb2xlcyI6WyJFTVBMT1lFRSJdLCJ1c2VySWQiOiIyIiwic3ViIjoiY2hpbmgiLCJpYXQiOjE2OTk0MjQ5MTUsImV4cCI6MTY5OTQyNTgxNX0.dUo5cNFQua3U-DGG02Bp3eUPBEfumnp-T18PI2G05Uo',1,1,1,2,1),(248,'eyJhbGciOiJIUzI1NiJ9.eyJyb2xlcyI6WyJFTVBMT1lFRSJdLCJ1c2VySWQiOiIyIiwic3ViIjoiY2hpbmgiLCJpYXQiOjE2OTk0MjQ5MTYsImV4cCI6MTcwMDAyOTcxNn0.jAF1RxTprMI1yy8rpuGhhpNABVe_yqPo2FaEP8b5nLg',1,1,1,2,2),(249,'eyJhbGciOiJIUzI1NiJ9.eyJyb2xlcyI6WyJFTVBMT1lFRSJdLCJ1c2VySWQiOiIyIiwic3ViIjoiY2hpbmgiLCJpYXQiOjE2OTk0MjQ5NjUsImV4cCI6MTY5OTQyNTg2NX0.adrG8_ebLU2e1YoslmKEf7O4lnczMvR8dFq2NkgY7HU',1,1,1,2,1),(250,'eyJhbGciOiJIUzI1NiJ9.eyJyb2xlcyI6WyJFTVBMT1lFRSJdLCJ1c2VySWQiOiIyIiwic3ViIjoiY2hpbmgiLCJpYXQiOjE2OTk0MjQ5NjUsImV4cCI6MTcwMDAyOTc2NX0.N5_t8moa6UkBrnr7jFF14NvyoTyZyQu-geLN0o4X9cU',1,1,1,2,2),(251,'eyJhbGciOiJIUzI1NiJ9.eyJyb2xlcyI6WyJFTVBMT1lFRSJdLCJ1c2VySWQiOiIyIiwic3ViIjoiY2hpbmgiLCJpYXQiOjE2OTk0MjQ5ODAsImV4cCI6MTY5OTQyNTg4MH0.A-yuGK1faSNUYNOY9CDTsBC4xxzZRB5LemLqnR67wrg',1,1,1,2,1),(252,'eyJhbGciOiJIUzI1NiJ9.eyJyb2xlcyI6WyJFTVBMT1lFRSJdLCJ1c2VySWQiOiIyIiwic3ViIjoiY2hpbmgiLCJpYXQiOjE2OTk0MjQ5ODAsImV4cCI6MTcwMDAyOTc4MH0.qy8-eBNomQyHiy-Vmk0s6AhMLlB_WlOzzUVBc4-c-Aw',1,1,1,2,2),(253,'eyJhbGciOiJIUzI1NiJ9.eyJyb2xlcyI6WyJFTVBMT1lFRSJdLCJ1c2VySWQiOiIyIiwic3ViIjoiY2hpbmgiLCJpYXQiOjE2OTk0MjQ5ODksImV4cCI6MTY5OTQyNTg4OX0.uMJaNwY8lC-_eox2xaj4tD_6YJy1TUjq5TorM1SX0mw',1,1,1,2,1),(254,'eyJhbGciOiJIUzI1NiJ9.eyJyb2xlcyI6WyJFTVBMT1lFRSJdLCJ1c2VySWQiOiIyIiwic3ViIjoiY2hpbmgiLCJpYXQiOjE2OTk0MjQ5ODksImV4cCI6MTcwMDAyOTc4OX0.FSw-FJsjoZaFRMz7WX_nopecZnhgOkLnUwCkgPhPgow',1,1,1,2,2),(255,'eyJhbGciOiJIUzI1NiJ9.eyJyb2xlcyI6WyJFTVBMT1lFRSJdLCJ1c2VySWQiOiIyIiwic3ViIjoiY2hpbmgiLCJpYXQiOjE2OTk0MjUwNzUsImV4cCI6MTY5OTQyNTk3NX0.cA6s3raeggJwLHL7-tuapO24Rsfj2RNosSO1c48S_fg',1,1,1,2,1),(256,'eyJhbGciOiJIUzI1NiJ9.eyJyb2xlcyI6WyJFTVBMT1lFRSJdLCJ1c2VySWQiOiIyIiwic3ViIjoiY2hpbmgiLCJpYXQiOjE2OTk0MjUwNzUsImV4cCI6MTcwMDAyOTg3NX0.AGpYpW-JYAIr1PTFmb2C2c3hXiqp4v1100D0PAhrnBI',1,1,1,2,2),(257,'eyJhbGciOiJIUzI1NiJ9.eyJyb2xlcyI6WyJFTVBMT1lFRSJdLCJ1c2VySWQiOiIyIiwic3ViIjoiY2hpbmgiLCJpYXQiOjE2OTk0MjUxNTMsImV4cCI6MTY5OTQyNjA1M30.w_aosvenrfTZqi_cgKb1c7RwtGf_Hhx16kdGhP6ygIM',1,1,1,2,1),(258,'eyJhbGciOiJIUzI1NiJ9.eyJyb2xlcyI6WyJFTVBMT1lFRSJdLCJ1c2VySWQiOiIyIiwic3ViIjoiY2hpbmgiLCJpYXQiOjE2OTk0MjUxNTMsImV4cCI6MTcwMDAyOTk1M30.N_9YHYMYMVWMC3QFwOAamxsYX74NBoDpYN6cMXbpXLU',1,1,1,2,2),(259,'eyJhbGciOiJIUzI1NiJ9.eyJyb2xlcyI6WyJFTVBMT1lFRSJdLCJ1c2VySWQiOiIyIiwic3ViIjoiY2hpbmgiLCJpYXQiOjE2OTk0MjU5NDgsImV4cCI6MTY5OTQyNjg0OH0.QfA7HedL6jV7ouFdKNxX_iZtaeXAQO9udqOfSWgvFKQ',1,1,1,2,1),(260,'eyJhbGciOiJIUzI1NiJ9.eyJyb2xlcyI6WyJFTVBMT1lFRSJdLCJ1c2VySWQiOiIyIiwic3ViIjoiY2hpbmgiLCJpYXQiOjE2OTk0MjU5NDgsImV4cCI6MTcwMDAzMDc0OH0.gDJhXbWIh0K73wEKGXRLtqio0h4-uE-oDyoe2vZD4A0',1,1,1,2,2),(261,'eyJhbGciOiJIUzI1NiJ9.eyJyb2xlcyI6WyJFTVBMT1lFRSJdLCJ1c2VySWQiOiIyIiwic3ViIjoiY2hpbmgiLCJpYXQiOjE2OTk0MjYxMzUsImV4cCI6MTY5OTQyNzAzNX0.6OFj9dfpv8xENOR5HSSy0ZS9tD-vVe4BtDTBjUelcdI',1,1,1,2,1),(262,'eyJhbGciOiJIUzI1NiJ9.eyJyb2xlcyI6WyJFTVBMT1lFRSJdLCJ1c2VySWQiOiIyIiwic3ViIjoiY2hpbmgiLCJpYXQiOjE2OTk0MjYxMzUsImV4cCI6MTcwMDAzMDkzNX0.ndNvqNzeGxj8pYiZ8fhvaUamFb6Wt1HwqpxZfwovQZE',1,1,1,2,2),(263,'eyJhbGciOiJIUzI1NiJ9.eyJyb2xlcyI6WyJFTVBMT1lFRSJdLCJ1c2VySWQiOiIyIiwic3ViIjoiY2hpbmgiLCJpYXQiOjE2OTk0MjYzMTQsImV4cCI6MTY5OTQyNzIxNH0.72XF57mNC8EhXPZn3cVYh7hoCkLfpnEQ0uJTNUrWm3I',1,1,1,2,1),(264,'eyJhbGciOiJIUzI1NiJ9.eyJyb2xlcyI6WyJFTVBMT1lFRSJdLCJ1c2VySWQiOiIyIiwic3ViIjoiY2hpbmgiLCJpYXQiOjE2OTk0MjYzMTQsImV4cCI6MTcwMDAzMTExNH0.XMNRAHJmFtG48c4pOWkwFtcBrAIsssN63oJfRMSWpEE',1,1,1,2,2),(265,'eyJhbGciOiJIUzI1NiJ9.eyJyb2xlcyI6WyJFTVBMT1lFRSJdLCJ1c2VySWQiOiIyIiwic3ViIjoiY2hpbmgiLCJpYXQiOjE2OTk0NTM0MzcsImV4cCI6MTY5OTQ1NDMzN30.WQROZjoD3op0aZvNRwCNWq9m7KITGoxZlEyIIE7g_pc',1,1,1,2,1),(266,'eyJhbGciOiJIUzI1NiJ9.eyJyb2xlcyI6WyJFTVBMT1lFRSJdLCJ1c2VySWQiOiIyIiwic3ViIjoiY2hpbmgiLCJpYXQiOjE2OTk0NTM0MzgsImV4cCI6MTcwMDA1ODIzOH0.9BGi511Y9LYwVbkQFaGOpZYti9oKdmvFvWn6Fym4uko',1,1,1,2,2),(267,'eyJhbGciOiJIUzI1NiJ9.eyJyb2xlcyI6WyJFTVBMT1lFRSJdLCJ1c2VySWQiOiIyIiwic3ViIjoiY2hpbmgiLCJpYXQiOjE2OTk0NTkxNzQsImV4cCI6MTY5OTQ2MDA3NH0.7LfCo77UmeQ-Sr3Zt3Cn6KcO7RP1UMQRnDmz_lVXOUc',1,1,1,2,1),(268,'eyJhbGciOiJIUzI1NiJ9.eyJyb2xlcyI6WyJFTVBMT1lFRSJdLCJ1c2VySWQiOiIyIiwic3ViIjoiY2hpbmgiLCJpYXQiOjE2OTk0NTkxNzUsImV4cCI6MTcwMDA2Mzk3NX0.kOpO4iG_HosFyLmdLc620gct38a1SZLX6Rzj2JzByIk',1,1,1,2,2),(269,'eyJhbGciOiJIUzI1NiJ9.eyJyb2xlcyI6WyJFTVBMT1lFRSJdLCJ1c2VySWQiOiIyIiwic3ViIjoiY2hpbmgiLCJpYXQiOjE2OTk0OTEzMjksImV4cCI6MTY5OTQ5MjIyOX0.cU_Tvdc-ySsmTdIO4oXfyL48NWnSu6_U39loQJ64U5A',1,1,1,2,1),(270,'eyJhbGciOiJIUzI1NiJ9.eyJyb2xlcyI6WyJFTVBMT1lFRSJdLCJ1c2VySWQiOiIyIiwic3ViIjoiY2hpbmgiLCJpYXQiOjE2OTk0OTEzMjksImV4cCI6MTcwMDA5NjEyOX0.et3fgxLWxbOwwfUUTkqNs6r8DcR4LHxox5vXDFoMMlM',1,1,1,2,2),(271,'eyJhbGciOiJIUzI1NiJ9.eyJyb2xlcyI6WyJFTVBMT1lFRSJdLCJ1c2VySWQiOiIyIiwic3ViIjoiY2hpbmgiLCJpYXQiOjE2OTk0OTE0NjgsImV4cCI6MTY5OTQ5MjM2OH0.ZTj9xqgZOAwXJKYD1HjZd4clxvJPKEWqefCdE1rthUM',1,1,1,2,1),(272,'eyJhbGciOiJIUzI1NiJ9.eyJyb2xlcyI6WyJFTVBMT1lFRSJdLCJ1c2VySWQiOiIyIiwic3ViIjoiY2hpbmgiLCJpYXQiOjE2OTk0OTE0NjksImV4cCI6MTcwMDA5NjI2OX0.HEZgfbEwuhi2N-U1oyfveuM_UxeXWkBpUqNSgfFUPvQ',1,1,1,2,2),(273,'eyJhbGciOiJIUzI1NiJ9.eyJyb2xlcyI6WyJFTVBMT1lFRSJdLCJ1c2VySWQiOiIyIiwic3ViIjoiY2hpbmgiLCJpYXQiOjE2OTk1ODE3MzcsImV4cCI6MTY5OTU4MjYzN30.Eu6Ky0zPVOsUtrEd1M6iWdmS59LwGzKl0j4bUD9t7WU',1,1,1,2,1),(274,'eyJhbGciOiJIUzI1NiJ9.eyJyb2xlcyI6WyJFTVBMT1lFRSJdLCJ1c2VySWQiOiIyIiwic3ViIjoiY2hpbmgiLCJpYXQiOjE2OTk1ODE3MzgsImV4cCI6MTcwMDE4NjUzOH0.niR3Ado0hohLxXMCRqT2qJCiw8qOFckDLb4iNurtVY0',1,1,1,2,2),(275,'eyJhbGciOiJIUzI1NiJ9.eyJyb2xlcyI6WyJFTVBMT1lFRSJdLCJ1c2VySWQiOiIyIiwic3ViIjoiY2hpbmgiLCJpYXQiOjE2OTk1ODUzMjYsImV4cCI6MTY5OTU4NjIyNn0.DOtQ42fmGTrH1DFTYtLtYr1ZFk90odPKmdJ5-6ErOQ4',1,1,1,2,1),(276,'eyJhbGciOiJIUzI1NiJ9.eyJyb2xlcyI6WyJFTVBMT1lFRSJdLCJ1c2VySWQiOiIyIiwic3ViIjoiY2hpbmgiLCJpYXQiOjE2OTk1ODUzMjYsImV4cCI6MTcwMDE5MDEyNn0.BzTlgDMuLx3rda6yhjxtwRdGW_x1oULPZ5jmCodUdlE',1,1,1,2,2),(277,'eyJhbGciOiJIUzI1NiJ9.eyJyb2xlcyI6WyJFTVBMT1lFRSJdLCJ1c2VySWQiOiIyIiwic3ViIjoiY2hpbmgiLCJpYXQiOjE2OTk1ODUzNzcsImV4cCI6MTY5OTU4NjI3N30.1qMuZeVicqgFSO8PByaqRjav9Hwq8vtOGoQql0P6NiY',1,1,1,2,1),(278,'eyJhbGciOiJIUzI1NiJ9.eyJyb2xlcyI6WyJFTVBMT1lFRSJdLCJ1c2VySWQiOiIyIiwic3ViIjoiY2hpbmgiLCJpYXQiOjE2OTk1ODUzNzcsImV4cCI6MTcwMDE5MDE3N30.O5xOIFhL59kHO_pH5PFisJBC64TkIhKHnDm2uaXsd6w',1,1,1,2,2),(279,'eyJhbGciOiJIUzI1NiJ9.eyJyb2xlcyI6WyJFTVBMT1lFRSJdLCJ1c2VySWQiOiIyIiwic3ViIjoiY2hpbmgiLCJpYXQiOjE2OTk2MTg3NTMsImV4cCI6MTY5OTYxOTY1M30.EpB1TuWTorzaFZxun1vg8rRjqxZ_JcoUdyd1bo3O-z4',1,1,1,2,1),(280,'eyJhbGciOiJIUzI1NiJ9.eyJyb2xlcyI6WyJFTVBMT1lFRSJdLCJ1c2VySWQiOiIyIiwic3ViIjoiY2hpbmgiLCJpYXQiOjE2OTk2MTg3NTMsImV4cCI6MTcwMDIyMzU1M30.Ex_iqZpP6L0EIIxHiZlU5Tleh_j_VQ4sa2emqF_aI3s',1,1,1,2,2),(281,'eyJhbGciOiJIUzI1NiJ9.eyJyb2xlcyI6WyJFTVBMT1lFRSJdLCJ1c2VySWQiOiIxIiwic3ViIjoiYmFvdGluZGVwdHJhaSIsImlhdCI6MTY5OTYzMzAzMywiZXhwIjoxNjk5NjMzOTMzfQ.MT_xxBssHFF_is-6T14TLxfQipqCXqGMRbgGNweD8KQ',1,0,0,1,1),(282,'eyJhbGciOiJIUzI1NiJ9.eyJyb2xlcyI6WyJFTVBMT1lFRSJdLCJ1c2VySWQiOiIxIiwic3ViIjoiYmFvdGluZGVwdHJhaSIsImlhdCI6MTY5OTYzMzAzMywiZXhwIjoxNzAwMjM3ODMzfQ.565UdbbgVAy3IwJ3FjHN-6IxBHsJOecedW6U7FQTz-c',1,0,0,1,2),(283,'eyJhbGciOiJIUzI1NiJ9.eyJyb2xlcyI6WyJFTVBMT1lFRSJdLCJ1c2VySWQiOiIyIiwic3ViIjoiY2hpbmgiLCJpYXQiOjE2OTk2MzMxMjAsImV4cCI6MTY5OTYzNDAyMH0.qSQhXPUf4dLFSZIREOn0o4sTapNSbSqNq6J3BiiFR3o',1,1,1,2,1),(284,'eyJhbGciOiJIUzI1NiJ9.eyJyb2xlcyI6WyJFTVBMT1lFRSJdLCJ1c2VySWQiOiIyIiwic3ViIjoiY2hpbmgiLCJpYXQiOjE2OTk2MzMxMjAsImV4cCI6MTcwMDIzNzkyMH0.S8UUA80YHRfUOYKbtCLyp1NC5PL0HjzLgZSjlOwpVes',1,1,1,2,2),(285,'eyJhbGciOiJIUzI1NiJ9.eyJyb2xlcyI6WyJFTVBMT1lFRSJdLCJ1c2VySWQiOiIyIiwic3ViIjoiY2hpbmgiLCJpYXQiOjE2OTk2NjY0MjQsImV4cCI6MTY5OTY2NzMyNH0.DQ-N5k4oevObZjuccaUKwYx8vsp2vzOTfPVaHX4BeQ0',1,1,1,2,1),(286,'eyJhbGciOiJIUzI1NiJ9.eyJyb2xlcyI6WyJFTVBMT1lFRSJdLCJ1c2VySWQiOiIyIiwic3ViIjoiY2hpbmgiLCJpYXQiOjE2OTk2NjY0MjUsImV4cCI6MTcwMDI3MTIyNX0.g6maOs6D2C3On8WxNq09PHAJ6XEo2HgHRXl-KPZx2YA',1,1,1,2,2),(287,'eyJhbGciOiJIUzI1NiJ9.eyJyb2xlcyI6WyJFTVBMT1lFRSJdLCJ1c2VySWQiOiIyIiwic3ViIjoiY2hpbmgiLCJpYXQiOjE2OTk2NjY5ODUsImV4cCI6MTY5OTY2Nzg4NX0.B2GxYeIqd536ku_2AYCDcmLbf-7j6Y0LQ4qdvzQEsiQ',1,1,1,2,1),(288,'eyJhbGciOiJIUzI1NiJ9.eyJyb2xlcyI6WyJFTVBMT1lFRSJdLCJ1c2VySWQiOiIyIiwic3ViIjoiY2hpbmgiLCJpYXQiOjE2OTk2NjY5ODUsImV4cCI6MTcwMDI3MTc4NX0.9d-ZbwLynzHXA7je4knsmxvqmxSu9IU4m0Y_CgOaXzI',1,1,1,2,2),(289,'eyJhbGciOiJIUzI1NiJ9.eyJyb2xlcyI6WyJFTVBMT1lFRSJdLCJ1c2VySWQiOiIyIiwic3ViIjoiY2hpbmgiLCJpYXQiOjE2OTk2NjcwMTgsImV4cCI6MTY5OTY2NzkxOH0.IXeomtiXlkolm5xWag54dfhZ-kvPsE5BeK-qOrcZxuc',1,1,1,2,1),(290,'eyJhbGciOiJIUzI1NiJ9.eyJyb2xlcyI6WyJFTVBMT1lFRSJdLCJ1c2VySWQiOiIyIiwic3ViIjoiY2hpbmgiLCJpYXQiOjE2OTk2NjcwMTgsImV4cCI6MTcwMDI3MTgxOH0.lp4F4fOgWDwGw5oqRJdtl6Px8TH1beKCXtqTRo2aYuw',1,1,1,2,2),(291,'eyJhbGciOiJIUzI1NiJ9.eyJyb2xlcyI6WyJFTVBMT1lFRSJdLCJ1c2VySWQiOiIyIiwic3ViIjoiY2hpbmgiLCJpYXQiOjE2OTk2NjcyMTQsImV4cCI6MTY5OTY2ODExNH0.2pAYnyxDdM2IFRddkSbD4pLlxJqOpRQlXqmsByOOeUc',1,1,1,2,1),(292,'eyJhbGciOiJIUzI1NiJ9.eyJyb2xlcyI6WyJFTVBMT1lFRSJdLCJ1c2VySWQiOiIyIiwic3ViIjoiY2hpbmgiLCJpYXQiOjE2OTk2NjcyMTQsImV4cCI6MTcwMDI3MjAxNH0.D5mMRo6ZlP1VjHhTNJ6FmkjEX6CvL-OA2sXHWLDiqGY',1,1,1,2,2),(293,'eyJhbGciOiJIUzI1NiJ9.eyJyb2xlcyI6WyJFTVBMT1lFRSJdLCJ1c2VySWQiOiIyIiwic3ViIjoiY2hpbmgiLCJpYXQiOjE2OTk2Njc4MjksImV4cCI6MTY5OTY2ODcyOX0.3goqJKeGIkdDnDKDjbLp0Sojv5_ZmaYVsZjCx7CiqP8',1,1,1,2,1),(294,'eyJhbGciOiJIUzI1NiJ9.eyJyb2xlcyI6WyJFTVBMT1lFRSJdLCJ1c2VySWQiOiIyIiwic3ViIjoiY2hpbmgiLCJpYXQiOjE2OTk2Njc4MjksImV4cCI6MTcwMDI3MjYyOX0.WNcyg1SbNFWkmQV-wRBXLLOPscJupAwqJ2B3uQqKTXw',1,1,1,2,2),(295,'eyJhbGciOiJIUzI1NiJ9.eyJyb2xlcyI6WyJBRE1JTiJdLCJ1c2VySWQiOiIzIiwic3ViIjoibmFtIiwiaWF0IjoxNjk5NjY4MDE3LCJleHAiOjE2OTk2Njg5MTd9.ZXLhWOD3JSwcReZlV5o_PxJxOrYI9CYvmoToMizEdzc',1,1,1,3,1),(296,'eyJhbGciOiJIUzI1NiJ9.eyJyb2xlcyI6WyJBRE1JTiJdLCJ1c2VySWQiOiIzIiwic3ViIjoibmFtIiwiaWF0IjoxNjk5NjY4MDE4LCJleHAiOjE3MDAyNzI4MTh9.ChsPv7rTquIbpNRegPzC78T2b-abhalHVtpv2nXGVRo',1,1,1,3,2),(297,'eyJhbGciOiJIUzI1NiJ9.eyJyb2xlcyI6WyJFTVBMT1lFRSJdLCJ1c2VySWQiOiIyIiwic3ViIjoiY2hpbmgiLCJpYXQiOjE2OTk2Njg2NjcsImV4cCI6MTY5OTY2OTU2N30.Okjs03LoTLnspFJNoLjbGI24lWKah-m_ZcpG3rbdgfQ',1,1,1,2,1),(298,'eyJhbGciOiJIUzI1NiJ9.eyJyb2xlcyI6WyJFTVBMT1lFRSJdLCJ1c2VySWQiOiIyIiwic3ViIjoiY2hpbmgiLCJpYXQiOjE2OTk2Njg2NjcsImV4cCI6MTcwMDI3MzQ2N30.KJXhLEQ-Ls9yuUOhlmDZsBrl8zXkcWzlKr_-xWGKD18',1,1,1,2,2),(299,'eyJhbGciOiJIUzI1NiJ9.eyJyb2xlcyI6WyJFTVBMT1lFRSJdLCJ1c2VySWQiOiIyIiwic3ViIjoiY2hpbmgiLCJpYXQiOjE2OTk2Njg3MjYsImV4cCI6MTY5OTY2OTYyNn0.soEKjUFOxEykFzr7lKvhSpxP1QdaXzQVYM3JXtbY4uk',1,1,1,2,1),(300,'eyJhbGciOiJIUzI1NiJ9.eyJyb2xlcyI6WyJFTVBMT1lFRSJdLCJ1c2VySWQiOiIyIiwic3ViIjoiY2hpbmgiLCJpYXQiOjE2OTk2Njg3MjcsImV4cCI6MTcwMDI3MzUyN30.9El6mfh_Y1k4wmn1oRtE4P6oSJsJt6XVh_g362w2Avs',1,1,1,2,2),(301,'eyJhbGciOiJIUzI1NiJ9.eyJyb2xlcyI6WyJFTVBMT1lFRSJdLCJ1c2VySWQiOiIyIiwic3ViIjoiY2hpbmgiLCJpYXQiOjE2OTk2Njg5NzIsImV4cCI6MTY5OTY2OTg3Mn0.Cp4_lZ2OVQ-ArG2iod3XN4kh3TCmeRuM9VBn-Jppe6k',1,1,1,2,1),(302,'eyJhbGciOiJIUzI1NiJ9.eyJyb2xlcyI6WyJFTVBMT1lFRSJdLCJ1c2VySWQiOiIyIiwic3ViIjoiY2hpbmgiLCJpYXQiOjE2OTk2Njg5NzIsImV4cCI6MTcwMDI3Mzc3Mn0.IdhjP84QxpQ4eSegD-i9Q0f1siPE4UqNBlwNPQd45s8',1,1,1,2,2),(303,'eyJhbGciOiJIUzI1NiJ9.eyJyb2xlcyI6WyJFTVBMT1lFRSJdLCJ1c2VySWQiOiIyIiwic3ViIjoiY2hpbmgiLCJpYXQiOjE2OTk2NjkxMzcsImV4cCI6MTY5OTY3MDAzN30.l6I7sd8FyVFNtbzTh_4qIrqeDftSCj-yANsnBkPIYYo',1,1,1,2,1),(304,'eyJhbGciOiJIUzI1NiJ9.eyJyb2xlcyI6WyJFTVBMT1lFRSJdLCJ1c2VySWQiOiIyIiwic3ViIjoiY2hpbmgiLCJpYXQiOjE2OTk2NjkxMzgsImV4cCI6MTcwMDI3MzkzOH0.HcyMQbETiPhIIeegc3BXpvZHpmS86LyneM4jd-aMs1E',1,1,1,2,2),(305,'eyJhbGciOiJIUzI1NiJ9.eyJyb2xlcyI6WyJFTVBMT1lFRSJdLCJ1c2VySWQiOiIyIiwic3ViIjoiY2hpbmgiLCJpYXQiOjE2OTk2Njk0MzEsImV4cCI6MTY5OTY3MDMzMX0.91YloPOKkYyJRmAZf8YI_nLkSG2mJ8VonUqqT62j-Mg',1,1,1,2,1),(306,'eyJhbGciOiJIUzI1NiJ9.eyJyb2xlcyI6WyJFTVBMT1lFRSJdLCJ1c2VySWQiOiIyIiwic3ViIjoiY2hpbmgiLCJpYXQiOjE2OTk2Njk0MzEsImV4cCI6MTcwMDI3NDIzMX0.nARPkTeo3Lv3YmIjfsioGmtcx6VrOiPIGPmCFuI5uWg',1,1,1,2,2),(307,'eyJhbGciOiJIUzI1NiJ9.eyJyb2xlcyI6WyJFTVBMT1lFRSJdLCJ1c2VySWQiOiIyIiwic3ViIjoiY2hpbmgiLCJpYXQiOjE2OTk2NzE3MjMsImV4cCI6MTY5OTY3MjYyM30.it4hz15lWU_hwxIXIPyfDfjJEXkPf7TRjgwUGCOXgRc',1,1,1,2,1),(308,'eyJhbGciOiJIUzI1NiJ9.eyJyb2xlcyI6WyJFTVBMT1lFRSJdLCJ1c2VySWQiOiIyIiwic3ViIjoiY2hpbmgiLCJpYXQiOjE2OTk2NzE3MjMsImV4cCI6MTcwMDI3NjUyM30.s04MkXhzCk6SpPtn-1AUsRHgdwl6AmGWV2TgLgNeJWk',1,1,1,2,2),(309,'eyJhbGciOiJIUzI1NiJ9.eyJyb2xlcyI6WyJFTVBMT1lFRSJdLCJ1c2VySWQiOiIyIiwic3ViIjoiY2hpbmgiLCJpYXQiOjE2OTk2NzI2NzQsImV4cCI6MTY5OTY3MzU3NH0.o22VUVLsnKkuBMct-fyyZxkg9bS8RkQtVgY0AVW2g5o',1,1,1,2,1),(310,'eyJhbGciOiJIUzI1NiJ9.eyJyb2xlcyI6WyJFTVBMT1lFRSJdLCJ1c2VySWQiOiIyIiwic3ViIjoiY2hpbmgiLCJpYXQiOjE2OTk2NzI2NzUsImV4cCI6MTcwMDI3NzQ3NX0.G6A8ZBFqrFvSexYgwMa5RC_zTpVycR8qJT2DUVcTgsQ',1,1,1,2,2),(311,'eyJhbGciOiJIUzI1NiJ9.eyJyb2xlcyI6WyJFTVBMT1lFRSJdLCJ1c2VySWQiOiIyIiwic3ViIjoiY2hpbmgiLCJpYXQiOjE2OTk2NzI3MTksImV4cCI6MTY5OTY3MzYxOX0.2Ne_6Z5J-HiIX7ejVILSIVo3YIBopj4wsXJj24EYBp0',1,1,1,2,1),(312,'eyJhbGciOiJIUzI1NiJ9.eyJyb2xlcyI6WyJFTVBMT1lFRSJdLCJ1c2VySWQiOiIyIiwic3ViIjoiY2hpbmgiLCJpYXQiOjE2OTk2NzI3MTksImV4cCI6MTcwMDI3NzUxOX0.q-deJmInt6GYOh1VTQKOaQCq1OBD4t_kg0Agc54HHpU',1,1,1,2,2),(313,'eyJhbGciOiJIUzI1NiJ9.eyJyb2xlcyI6WyJFTVBMT1lFRSJdLCJ1c2VySWQiOiIyIiwic3ViIjoiY2hpbmgiLCJpYXQiOjE2OTk2NzI3MjgsImV4cCI6MTY5OTY3MzYyOH0.ykkv0pYW-faYHui-5Rk_ZPyShNtJ4Aqm8Km6rWT_RIU',1,1,1,2,1),(314,'eyJhbGciOiJIUzI1NiJ9.eyJyb2xlcyI6WyJFTVBMT1lFRSJdLCJ1c2VySWQiOiIyIiwic3ViIjoiY2hpbmgiLCJpYXQiOjE2OTk2NzI3MjgsImV4cCI6MTcwMDI3NzUyOH0.FMIieAXgjN7EawnoUOF1F2SNG_-fw-AU1iACMeESS90',1,1,1,2,2),(315,'eyJhbGciOiJIUzI1NiJ9.eyJyb2xlcyI6WyJFTVBMT1lFRSJdLCJ1c2VySWQiOiIyIiwic3ViIjoiY2hpbmgiLCJpYXQiOjE2OTk2NzI4OTEsImV4cCI6MTY5OTY3Mzc5MX0.tEJ7IzmzFdWCT39hwQ-SFr8_GfY2ln4V7ZX6V2jneyQ',1,1,1,2,1),(316,'eyJhbGciOiJIUzI1NiJ9.eyJyb2xlcyI6WyJFTVBMT1lFRSJdLCJ1c2VySWQiOiIyIiwic3ViIjoiY2hpbmgiLCJpYXQiOjE2OTk2NzI4OTEsImV4cCI6MTcwMDI3NzY5MX0.Px6yVof51IvO5YtLiaKOoyo5bcU2-wpuRtbJYiyupmQ',1,1,1,2,2),(317,'eyJhbGciOiJIUzI1NiJ9.eyJyb2xlcyI6WyJFTVBMT1lFRSJdLCJ1c2VySWQiOiIyIiwic3ViIjoiY2hpbmgiLCJpYXQiOjE2OTk2NzI5MjUsImV4cCI6MTY5OTY3MzgyNX0.BgI4Y8KqG165Zw3sLATDCJ0liQ-FYhYCego7AGvLPso',1,1,1,2,1),(318,'eyJhbGciOiJIUzI1NiJ9.eyJyb2xlcyI6WyJFTVBMT1lFRSJdLCJ1c2VySWQiOiIyIiwic3ViIjoiY2hpbmgiLCJpYXQiOjE2OTk2NzI5MjYsImV4cCI6MTcwMDI3NzcyNn0.4FPA4lvpQx-M-ISkN49lhwviqmyNOhud8odt-Elyo-k',1,1,1,2,2),(319,'eyJhbGciOiJIUzI1NiJ9.eyJyb2xlcyI6WyJFTVBMT1lFRSJdLCJ1c2VySWQiOiIyIiwic3ViIjoiY2hpbmgiLCJpYXQiOjE2OTk2NzM0NzcsImV4cCI6MTY5OTY3NDM3N30.X2Ao_shPayMSf5CI0gsZuNzWkHqgjlJ2ElVFYVywBaU',1,1,1,2,1),(320,'eyJhbGciOiJIUzI1NiJ9.eyJyb2xlcyI6WyJFTVBMT1lFRSJdLCJ1c2VySWQiOiIyIiwic3ViIjoiY2hpbmgiLCJpYXQiOjE2OTk2NzM0NzgsImV4cCI6MTcwMDI3ODI3OH0.oRjk3tGGh3yXmRvtr25BXVDWdh4cgsZ-D3wlovStVqs',1,1,1,2,2),(321,'eyJhbGciOiJIUzI1NiJ9.eyJyb2xlcyI6WyJFTVBMT1lFRSJdLCJ1c2VySWQiOiIyIiwic3ViIjoiY2hpbmgiLCJpYXQiOjE2OTk2NzM1MjIsImV4cCI6MTY5OTY3NDQyMn0.qckEHyKz9CnnuYhRdSMITC_t4S85I8cbYsg6mzuZqRo',1,1,1,2,1),(322,'eyJhbGciOiJIUzI1NiJ9.eyJyb2xlcyI6WyJFTVBMT1lFRSJdLCJ1c2VySWQiOiIyIiwic3ViIjoiY2hpbmgiLCJpYXQiOjE2OTk2NzM1MjIsImV4cCI6MTcwMDI3ODMyMn0.YI8Urf3yfDmNMtPIpKOLxdwy5SUfghWawP8Yrv2kYd8',1,1,1,2,2),(323,'eyJhbGciOiJIUzI1NiJ9.eyJyb2xlcyI6WyJFTVBMT1lFRSJdLCJ1c2VySWQiOiIyIiwic3ViIjoiY2hpbmgiLCJpYXQiOjE2OTk2NzM1NzEsImV4cCI6MTY5OTY3NDQ3MX0.fjM2wKPBhIV0G5YOTBZXi7cjZ59joInL6EXTktTmqG8',1,1,1,2,1),(324,'eyJhbGciOiJIUzI1NiJ9.eyJyb2xlcyI6WyJFTVBMT1lFRSJdLCJ1c2VySWQiOiIyIiwic3ViIjoiY2hpbmgiLCJpYXQiOjE2OTk2NzM1NzIsImV4cCI6MTcwMDI3ODM3Mn0.e6vCdZMmVLmI-QWongqTFw9rrBQ8HO0MiJxOgyTconU',1,1,1,2,2),(325,'eyJhbGciOiJIUzI1NiJ9.eyJyb2xlcyI6WyJBRE1JTiJdLCJ1c2VySWQiOiIzIiwic3ViIjoibmFtIiwiaWF0IjoxNjk5NjczNzQ3LCJleHAiOjE2OTk2NzQ2NDd9.Wsy4PX706hs3vbD2LiGSsNbUVrQMV1-MLecyhur7xlw',1,1,1,3,1),(326,'eyJhbGciOiJIUzI1NiJ9.eyJyb2xlcyI6WyJBRE1JTiJdLCJ1c2VySWQiOiIzIiwic3ViIjoibmFtIiwiaWF0IjoxNjk5NjczNzQ3LCJleHAiOjE3MDAyNzg1NDd9.X6BVHtjS4sxPRyJruYaUUeruPwnNbun5rBhQO-htbtg',1,1,1,3,2),(327,'eyJhbGciOiJIUzI1NiJ9.eyJyb2xlcyI6WyJFTVBMT1lFRSJdLCJ1c2VySWQiOiIyIiwic3ViIjoiY2hpbmgiLCJpYXQiOjE2OTk2NzM5NjAsImV4cCI6MTY5OTY3NDg2MH0.ZVYyf9eXB2MRx5m4bo3cexAGVBDsPN-lBL6Cf9Zh508',1,1,1,2,1),(328,'eyJhbGciOiJIUzI1NiJ9.eyJyb2xlcyI6WyJFTVBMT1lFRSJdLCJ1c2VySWQiOiIyIiwic3ViIjoiY2hpbmgiLCJpYXQiOjE2OTk2NzM5NjAsImV4cCI6MTcwMDI3ODc2MH0.KSoOAqahvn_EcNDt5ixLOV115J36NoXWJYOLwE8KVJg',1,1,1,2,2),(329,'eyJhbGciOiJIUzI1NiJ9.eyJyb2xlcyI6WyJFTVBMT1lFRSJdLCJ1c2VySWQiOiIyIiwic3ViIjoiY2hpbmgiLCJpYXQiOjE2OTk2NzUzNTcsImV4cCI6MTY5OTY3NjI1N30.75Yw6tmG1wcm2Z92fZLkBd69rsdpOOJAk9d4J-FE2Qo',1,1,1,2,1),(330,'eyJhbGciOiJIUzI1NiJ9.eyJyb2xlcyI6WyJFTVBMT1lFRSJdLCJ1c2VySWQiOiIyIiwic3ViIjoiY2hpbmgiLCJpYXQiOjE2OTk2NzUzNTgsImV4cCI6MTcwMDI4MDE1OH0.sdp1JOgRfgxhY1HFLfq5w1f0khzTgt6nwJneD_Z7B-E',1,1,1,2,2),(331,'eyJhbGciOiJIUzI1NiJ9.eyJyb2xlcyI6WyJFTVBMT1lFRSJdLCJ1c2VySWQiOiIyIiwic3ViIjoiY2hpbmgiLCJpYXQiOjE2OTk2NzUzOTcsImV4cCI6MTY5OTY3NjI5N30.JHTHVzkYvRuMPQ2vFIGXOGQh5DKtwZ_JwQY00O5XgjM',1,1,1,2,1),(332,'eyJhbGciOiJIUzI1NiJ9.eyJyb2xlcyI6WyJFTVBMT1lFRSJdLCJ1c2VySWQiOiIyIiwic3ViIjoiY2hpbmgiLCJpYXQiOjE2OTk2NzUzOTcsImV4cCI6MTcwMDI4MDE5N30.1tRTfbHXew1dpwhOX9ogvI0hmBlpUpXhlGh1GLAe9Do',1,1,1,2,2),(333,'eyJhbGciOiJIUzI1NiJ9.eyJyb2xlcyI6WyJFTVBMT1lFRSJdLCJ1c2VySWQiOiIyIiwic3ViIjoiY2hpbmgiLCJpYXQiOjE2OTk2NzU3NTIsImV4cCI6MTY5OTY3NjY1Mn0.4wrVIsf3fKbAkoPPzhyZXLlk3SUMoTzcpvywuPKJ5wU',1,1,1,2,1),(334,'eyJhbGciOiJIUzI1NiJ9.eyJyb2xlcyI6WyJFTVBMT1lFRSJdLCJ1c2VySWQiOiIyIiwic3ViIjoiY2hpbmgiLCJpYXQiOjE2OTk2NzU3NTIsImV4cCI6MTcwMDI4MDU1Mn0.gxOM8Qc3BYXlCEkwOfs1huwlib6CBGLIIryZdbHmreY',1,1,1,2,2),(335,'eyJhbGciOiJIUzI1NiJ9.eyJyb2xlcyI6WyJFTVBMT1lFRSJdLCJ1c2VySWQiOiIyIiwic3ViIjoiY2hpbmgiLCJpYXQiOjE2OTk2NzU3NjIsImV4cCI6MTY5OTY3NjY2Mn0.Ur-9wsyCo7mtSjQm5_y0xUr9h7C8hY0GLiAFYROGCuU',1,1,1,2,1),(336,'eyJhbGciOiJIUzI1NiJ9.eyJyb2xlcyI6WyJFTVBMT1lFRSJdLCJ1c2VySWQiOiIyIiwic3ViIjoiY2hpbmgiLCJpYXQiOjE2OTk2NzU3NjIsImV4cCI6MTcwMDI4MDU2Mn0.puM3jneXH0BlPdS_Twu9EVEsXmuPtMU7LTr0Xti5aNQ',1,1,1,2,2),(337,'eyJhbGciOiJIUzI1NiJ9.eyJyb2xlcyI6WyJFTVBMT1lFRSJdLCJ1c2VySWQiOiIyIiwic3ViIjoiY2hpbmgiLCJpYXQiOjE2OTk2NzU3NzcsImV4cCI6MTY5OTY3NjY3N30.QtyeVwDTQXZJ7tcvIPhnWLfAOv7d1cjtY-sxuWsvoQo',1,1,1,2,1),(338,'eyJhbGciOiJIUzI1NiJ9.eyJyb2xlcyI6WyJFTVBMT1lFRSJdLCJ1c2VySWQiOiIyIiwic3ViIjoiY2hpbmgiLCJpYXQiOjE2OTk2NzU3NzcsImV4cCI6MTcwMDI4MDU3N30.xVqOE7SYF6iv0ZmH6qK5G7J3wRoi9nHnF2XQ1bx2UAQ',1,1,1,2,2),(339,'eyJhbGciOiJIUzI1NiJ9.eyJyb2xlcyI6WyJBRE1JTiJdLCJ1c2VySWQiOiIzIiwic3ViIjoibmFtIiwiaWF0IjoxNjk5Njc1ODIxLCJleHAiOjE2OTk2NzY3MjF9.4hnODxxfI9wy26Cv2ZUcl0rcHZkoX2M-M1BRseNZZFE',1,1,1,3,1),(340,'eyJhbGciOiJIUzI1NiJ9.eyJyb2xlcyI6WyJBRE1JTiJdLCJ1c2VySWQiOiIzIiwic3ViIjoibmFtIiwiaWF0IjoxNjk5Njc1ODIxLCJleHAiOjE3MDAyODA2MjF9.MbQBFSP71-ZHIphlK7lCaWs2F7tDi7KBbQS9_zWsI7o',1,1,1,3,2),(341,'eyJhbGciOiJIUzI1NiJ9.eyJyb2xlcyI6WyJFTVBMT1lFRSJdLCJ1c2VySWQiOiIyIiwic3ViIjoiY2hpbmgiLCJpYXQiOjE2OTk2Nzc2MjEsImV4cCI6MTY5OTY3ODUyMX0.gKeyS6OV5sBF7DvIf51qrBe7B7OxnY7QmPp_xNKsyvM',1,1,1,2,1),(342,'eyJhbGciOiJIUzI1NiJ9.eyJyb2xlcyI6WyJFTVBMT1lFRSJdLCJ1c2VySWQiOiIyIiwic3ViIjoiY2hpbmgiLCJpYXQiOjE2OTk2Nzc2MjEsImV4cCI6MTcwMDI4MjQyMX0.7Vrl3p2T8eWaMikm6WSLaEeYsFonJqyzV01pBuAx6YY',1,1,1,2,2),(343,'eyJhbGciOiJIUzI1NiJ9.eyJyb2xlcyI6WyJFTVBMT1lFRSJdLCJ1c2VySWQiOiIyIiwic3ViIjoiY2hpbmgiLCJpYXQiOjE2OTk2NzgxOTUsImV4cCI6MTY5OTY3OTA5NX0.Duk91T8oQ36pKi-JjZGJqun0ksTWDZD4sG3ejw4bMRM',1,1,1,2,1),(344,'eyJhbGciOiJIUzI1NiJ9.eyJyb2xlcyI6WyJFTVBMT1lFRSJdLCJ1c2VySWQiOiIyIiwic3ViIjoiY2hpbmgiLCJpYXQiOjE2OTk2NzgxOTYsImV4cCI6MTcwMDI4Mjk5Nn0.WlrohBZBory_Hnfo0eqAs_JW5inYGEKEyrmPoBmx9tE',1,1,1,2,2),(345,'eyJhbGciOiJIUzI1NiJ9.eyJyb2xlcyI6WyJFTVBMT1lFRSJdLCJ1c2VySWQiOiIyIiwic3ViIjoiY2hpbmgiLCJpYXQiOjE2OTk2ODYzMjIsImV4cCI6MTY5OTY4NzIyMn0.pqgfTuDPIhp3Gd85OszpV08taE4FaqmhrwlcLys0v1k',1,1,1,2,1),(346,'eyJhbGciOiJIUzI1NiJ9.eyJyb2xlcyI6WyJFTVBMT1lFRSJdLCJ1c2VySWQiOiIyIiwic3ViIjoiY2hpbmgiLCJpYXQiOjE2OTk2ODYzMjMsImV4cCI6MTcwMDI5MTEyM30.xz89sFf3UqjKLpkF1kPZc604McLJWsyymtD-wYb3Grk',1,1,1,2,2),(347,'eyJhbGciOiJIUzI1NiJ9.eyJyb2xlcyI6WyJFTVBMT1lFRSJdLCJ1c2VySWQiOiIyIiwic3ViIjoiY2hpbmgiLCJpYXQiOjE2OTk2OTQwMDUsImV4cCI6MTY5OTY5NDkwNX0.4PEZR_nrCfsJcnbuv7W1EHl1n7Ri7LdNc0YLZoxyVsc',1,1,1,2,1),(348,'eyJhbGciOiJIUzI1NiJ9.eyJyb2xlcyI6WyJFTVBMT1lFRSJdLCJ1c2VySWQiOiIyIiwic3ViIjoiY2hpbmgiLCJpYXQiOjE2OTk2OTQwMDUsImV4cCI6MTcwMDI5ODgwNX0.kbJeDC2gsoUPaS4DYOuozu_2ZG6yKd04p0MdPUEwO-E',1,0,0,2,2),(349,'eyJhbGciOiJIUzI1NiJ9.eyJyb2xlcyI6WyJBRE1JTiJdLCJ1c2VySWQiOiIzIiwic3ViIjoibmFtIiwiaWF0IjoxNjk5Njk0NDYzLCJleHAiOjE2OTk2OTUzNjN9.zggr_FwWLOBZoBwozxmeaiyNhyo9aOm3T0_HZQ_RWSs',1,0,0,3,1),(350,'eyJhbGciOiJIUzI1NiJ9.eyJyb2xlcyI6WyJBRE1JTiJdLCJ1c2VySWQiOiIzIiwic3ViIjoibmFtIiwiaWF0IjoxNjk5Njk0NDYzLCJleHAiOjE3MDAyOTkyNjN9.93d3Zr4ZV50zYvwhNJwL4-qh0jJKviKGzQmz8Q9TJ8I',1,0,0,3,2);
/*!40000 ALTER TABLE `token` ENABLE KEYS */;
UNLOCK TABLES;

--
-- Table structure for table `token_category`
--

DROP TABLE IF EXISTS `token_category`;
/*!40101 SET @saved_cs_client     = @@character_set_client */;
/*!40101 SET character_set_client = utf8 */;
CREATE TABLE `token_category` (
  `id` int NOT NULL AUTO_INCREMENT,
  `token_category_name` varchar(100) NOT NULL,
  PRIMARY KEY (`id`),
  UNIQUE KEY `token_category_name` (`token_category_name`)
) ENGINE=InnoDB AUTO_INCREMENT=3 DEFAULT CHARSET=utf8mb4 COLLATE=utf8mb4_0900_ai_ci;
/*!40101 SET character_set_client = @saved_cs_client */;

--
-- Dumping data for table `token_category`
--

LOCK TABLES `token_category` WRITE;
/*!40000 ALTER TABLE `token_category` DISABLE KEYS */;
INSERT INTO `token_category` VALUES (1,'ACCESS'),(2,'REFRESH');
/*!40000 ALTER TABLE `token_category` ENABLE KEYS */;
UNLOCK TABLES;

--
-- Table structure for table `token_type`
--

DROP TABLE IF EXISTS `token_type`;
/*!40101 SET @saved_cs_client     = @@character_set_client */;
/*!40101 SET character_set_client = utf8 */;
CREATE TABLE `token_type` (
  `id` int NOT NULL AUTO_INCREMENT,
  `token_type_name` varchar(100) NOT NULL,
  PRIMARY KEY (`id`),
  UNIQUE KEY `token_type_name` (`token_type_name`)
) ENGINE=InnoDB AUTO_INCREMENT=2 DEFAULT CHARSET=utf8mb4 COLLATE=utf8mb4_0900_ai_ci;
/*!40101 SET character_set_client = @saved_cs_client */;

--
-- Dumping data for table `token_type`
--

LOCK TABLES `token_type` WRITE;
/*!40000 ALTER TABLE `token_type` DISABLE KEYS */;
INSERT INTO `token_type` VALUES (1,'BEARER');
/*!40000 ALTER TABLE `token_type` ENABLE KEYS */;
UNLOCK TABLES;

--
-- Table structure for table `user_role`
--

DROP TABLE IF EXISTS `user_role`;
/*!40101 SET @saved_cs_client     = @@character_set_client */;
/*!40101 SET character_set_client = utf8 */;
CREATE TABLE `user_role` (
  `id` int NOT NULL AUTO_INCREMENT,
  `user_id` int DEFAULT NULL,
  `role_id` int DEFAULT NULL,
  PRIMARY KEY (`id`),
  KEY `fk_user_id_user_role` (`user_id`),
  KEY `fk_role_id_user_role` (`role_id`),
  CONSTRAINT `fk_role_id_user_role` FOREIGN KEY (`role_id`) REFERENCES `roles` (`id`),
  CONSTRAINT `fk_user_id_user_role` FOREIGN KEY (`user_id`) REFERENCES `users` (`id`)
) ENGINE=InnoDB AUTO_INCREMENT=4 DEFAULT CHARSET=utf8mb4 COLLATE=utf8mb4_0900_ai_ci;
/*!40101 SET character_set_client = @saved_cs_client */;

--
-- Dumping data for table `user_role`
--

LOCK TABLES `user_role` WRITE;
/*!40000 ALTER TABLE `user_role` DISABLE KEYS */;
INSERT INTO `user_role` VALUES (1,1,2),(2,2,2),(3,3,1);
/*!40000 ALTER TABLE `user_role` ENABLE KEYS */;
UNLOCK TABLES;

--
-- Table structure for table `users`
--

DROP TABLE IF EXISTS `users`;
/*!40101 SET @saved_cs_client     = @@character_set_client */;
/*!40101 SET character_set_client = utf8 */;
CREATE TABLE `users` (
  `id` int NOT NULL AUTO_INCREMENT,
  `department_id` int DEFAULT NULL,
  `user_name` varchar(30) NOT NULL,
  `email` varchar(100) NOT NULL,
  `pass` varchar(255) NOT NULL,
  `is_deleted` tinyint(1) NOT NULL DEFAULT '0',
  `date_deleted` date DEFAULT NULL,
  PRIMARY KEY (`id`),
  UNIQUE KEY `user_name` (`user_name`),
  UNIQUE KEY `email` (`email`),
  KEY `fk_user_id_document` (`department_id`),
  CONSTRAINT `fk_user_id_document` FOREIGN KEY (`department_id`) REFERENCES `department` (`id`)
) ENGINE=InnoDB AUTO_INCREMENT=4 DEFAULT CHARSET=utf8mb4 COLLATE=utf8mb4_0900_ai_ci;
/*!40101 SET character_set_client = @saved_cs_client */;

--
-- Dumping data for table `users`
--

LOCK TABLES `users` WRITE;
/*!40000 ALTER TABLE `users` DISABLE KEYS */;
INSERT INTO `users` VALUES (1,1,'baotindeptrai','baotindeptrai@gmail.com','$2a$10$mugnATUIdcU7aOvH6f3T7uXHbyXGztVmzFPu.SNk26jkMEnDm0Zn.',0,NULL),(2,1,'chinh','chinh@gmail.com','$2a$10$X3oMxEraoDjYU9YWiqkppubMyKA97ZSAyv.Cjq/dPfQ4U96ena/t.',0,NULL),(3,2,'nam','nam@gmail.com','$2a$10$Tanb04rSKVnfAXB/ZtzQe.WD75ZSpDO6/n6A8/y4v/jDh5xK9kUhK',0,NULL);
/*!40000 ALTER TABLE `users` ENABLE KEYS */;
UNLOCK TABLES;

--
-- Table structure for table `version`
--

DROP TABLE IF EXISTS `version`;
/*!40101 SET @saved_cs_client     = @@character_set_client */;
/*!40101 SET character_set_client = utf8 */;
CREATE TABLE `version` (
  `id` int NOT NULL AUTO_INCREMENT,
  `document_id` int DEFAULT NULL,
  `url` varchar(300) DEFAULT NULL,
  `name` varchar(30) DEFAULT NULL,
  `note` varchar(200) DEFAULT NULL,
  `current_version` tinyint(1) DEFAULT NULL,
  `update_time` date DEFAULT NULL,
  PRIMARY KEY (`id`),
  KEY `fk_document_id_version` (`document_id`),
  CONSTRAINT `fk_document_id_version` FOREIGN KEY (`document_id`) REFERENCES `document` (`id`)
) ENGINE=InnoDB AUTO_INCREMENT=69 DEFAULT CHARSET=utf8mb4 COLLATE=utf8mb4_0900_ai_ci;
/*!40101 SET character_set_client = @saved_cs_client */;

--
-- Dumping data for table `version`
--

LOCK TABLES `version` WRITE;
/*!40000 ALTER TABLE `version` DISABLE KEYS */;
INSERT INTO `version` VALUES (1,1,'https://example.com/version/1','Version 1.0.0','Initial version',0,'2023-11-01'),(2,1,'https://example.com/version/2','Version 2.0.0','Updated content',0,'2023-11-02'),(3,2,'https://example.com/version/1','Version 1.0.0','Initial version',0,'2023-11-02'),(4,2,'https://example.com/version/2','Version 2.0.0','Updated content 1',0,'2023-11-02'),(5,2,'https://example.com/version/3','Version 3.0.0','Updated content 2',1,'2023-11-02'),(6,3,'https://example.com/version/1','Version 1.0.0','Initial version',0,'2023-11-03'),(7,3,'https://example.com/version/2','Version 2.0.0','Updated content ALA',1,'2023-11-03'),(8,4,'https://example.com/version/1','Version 1.0.0','Initial version',1,'2023-11-04'),(9,5,'https://example.com/version/1','Version 1.0.0','Initial version',1,'2023-11-05'),(10,6,'https://example.com/version/1','Version 1.0.0','Initial version',1,'2023-11-06'),(11,7,'https://example.com/version/1','Version 1.0.0','Initial version',1,'2023-11-07'),(12,8,'https://example.com/version/1','Version 1.0.0','Initial version',1,'2023-11-08'),(13,9,'https://example.com/version/1','Version 1.0.0','Initial version',1,'2023-11-09'),(14,10,'https://example.com/version/1','Version 1.0.0','Initial version',1,'2023-11-10'),(15,11,'https://firebasestorage.googleapis.com/v0/b/kotlin-ecommerce-a7e7c.appspot.com/o/files%2F2020_MT_KHM.pdf?alt=media&token=37c44d6d-dc25-4cde-bcc2-30a2a05f753f','Version 1.0.0','12312312',1,'2023-11-08'),(35,1,'https://example.com/version/2','Version 2.0.0','Updated content',0,'2023-11-08'),(36,1,NULL,'Version 2.0.0','Updated content',0,'2023-11-08'),(38,1,NULL,'Version 2.0.0','Updated content oke',0,'2023-11-08'),(39,1,'https://firebasestorage.googleapis.com/v0/b/kotlin-ecommerce-a7e7c.appspot.com/o/files%2F00_Course%20outline_updated_1509.pdf?alt=media&token=b0737e4f-7527-4e38-a31a-216285e95866','Version 2.0.0','Updated content oke 123',0,'2023-11-08'),(40,1,NULL,'Version 2.0.0','Updated content oke 12345',0,'2023-11-08'),(43,12,'https://firebasestorage.googleapis.com/v0/b/kotlin-ecommerce-a7e7c.appspot.com/o/files%2F00_Course%20outline_updated_1509.pdf?alt=media&token=e1094960-ed15-4fc8-9132-0fb702fff92d','Version 1.0.0','test',1,'2023-11-09'),(44,13,'https://firebasestorage.googleapis.com/v0/b/kotlin-ecommerce-a7e7c.appspot.com/o/files%2F00_Course%20outline_updated_1509.pdf?alt=media&token=9cecb763-fc75-4338-b700-604a73507463','Version 1.0.0','hello',0,'2023-11-09'),(45,14,'https://firebasestorage.googleapis.com/v0/b/kotlin-ecommerce-a7e7c.appspot.com/o/files%2F00_Course%20outline_updated_1509.pdf?alt=media&token=8743956d-1131-40a7-8064-a5defdf4bdfe','Version 1.0.0','doc',1,'2023-11-09'),(46,15,'https://firebasestorage.googleapis.com/v0/b/kotlin-ecommerce-a7e7c.appspot.com/o/files%2F00_Course%20outline_updated_1509.pdf?alt=media&token=b0737e4f-7527-4e38-a31a-216285e95866','Version 1.0.0','Initial version',1,'2023-11-01'),(47,16,'https://firebasestorage.googleapis.com/v0/b/kotlin-ecommerce-a7e7c.appspot.com/o/files%2F00_Course%20outline_updated_1509.pdf?alt=media&token=b0737e4f-7527-4e38-a31a-216285e95866','Version 2.0.0','Updated content',1,'2023-11-02'),(48,17,'https://firebasestorage.googleapis.com/v0/b/kotlin-ecommerce-a7e7c.appspot.com/o/files%2F00_Course%20outline_updated_1509.pdf?alt=media&token=b0737e4f-7527-4e38-a31a-216285e95866','Version 1.0.0','Initial version',1,'2023-11-02'),(49,18,'https://firebasestorage.googleapis.com/v0/b/kotlin-ecommerce-a7e7c.appspot.com/o/files%2F00_Course%20outline_updated_1509.pdf?alt=media&token=b0737e4f-7527-4e38-a31a-216285e95866','Version 2.0.0','Updated content 1',1,'2023-11-02'),(50,19,'https://firebasestorage.googleapis.com/v0/b/kotlin-ecommerce-a7e7c.appspot.com/o/files%2F00_Course%20outline_updated_1509.pdf?alt=media&token=b0737e4f-7527-4e38-a31a-216285e95866','Version 3.0.0','Updated content 2',1,'2023-11-02'),(51,20,'https://firebasestorage.googleapis.com/v0/b/kotlin-ecommerce-a7e7c.appspot.com/o/files%2F00_Course%20outline_updated_1509.pdf?alt=media&token=b0737e4f-7527-4e38-a31a-216285e95866','Version 1.0.0','Initial version',1,'2023-11-03'),(52,21,'https://firebasestorage.googleapis.com/v0/b/kotlin-ecommerce-a7e7c.appspot.com/o/files%2F00_Course%20outline_updated_1509.pdf?alt=media&token=b0737e4f-7527-4e38-a31a-216285e95866','Version 2.0.0','Updated content ALA',1,'2023-11-03'),(53,22,'https://firebasestorage.googleapis.com/v0/b/kotlin-ecommerce-a7e7c.appspot.com/o/files%2F00_Course%20outline_updated_1509.pdf?alt=media&token=b0737e4f-7527-4e38-a31a-216285e95866','Version 1.0.0','Initial version',0,'2023-11-04'),(54,23,'https://firebasestorage.googleapis.com/v0/b/kotlin-ecommerce-a7e7c.appspot.com/o/files%2F00_Course%20outline_updated_1509.pdf?alt=media&token=b0737e4f-7527-4e38-a31a-216285e95866','Version 1.0.0','Initial version',0,'2023-11-05'),(55,24,'https://firebasestorage.googleapis.com/v0/b/kotlin-ecommerce-a7e7c.appspot.com/o/files%2F00_Course%20outline_updated_1509.pdf?alt=media&token=b0737e4f-7527-4e38-a31a-216285e95866','Version 1.0.0','Initial version',1,'2023-11-06'),(56,25,'https://firebasestorage.googleapis.com/v0/b/kotlin-ecommerce-a7e7c.appspot.com/o/files%2F00_Course%20outline_updated_1509.pdf?alt=media&token=b0737e4f-7527-4e38-a31a-216285e95866','Version 1.0.0','Initial version',1,'2023-11-07'),(57,23,'https://firebasestorage.googleapis.com/v0/b/kotlin-ecommerce-a7e7c.appspot.com/o/files%2F2020_MT_KHM.pdf?alt=media&token=b273bc73-f59a-4674-bb65-e4df35f85d18','Version 1.0.1','Test update',0,'2023-11-11'),(58,26,'https://firebasestorage.googleapis.com/v0/b/kotlin-ecommerce-a7e7c.appspot.com/o/files%2F2020_MT_KHM.pdf?alt=media&token=d57940a2-33a0-46e8-922e-20bc79e0d0a4','Version 1.0.0','Intital version',0,'2023-11-11'),(59,26,'https://firebasestorage.googleapis.com/v0/b/kotlin-ecommerce-a7e7c.appspot.com/o/files%2F2022_HC_HC1.pdf?alt=media&token=b4a146b7-05ba-4bf2-a3a5-34442ab4df31','Version 1.0.1','Intital version',1,'2023-11-11'),(60,13,'https://firebasestorage.googleapis.com/v0/b/kotlin-ecommerce-a7e7c.appspot.com/o/files%2F2021_HC_CSH.pdf?alt=media&token=a2113fde-95f8-42eb-88ad-0075a6c6bec3','Version 1.0.1','updated',0,'2023-11-11'),(61,27,'https://firebasestorage.googleapis.com/v0/b/kotlin-ecommerce-a7e7c.appspot.com/o/files%2F2020_MT_KHM.pdf?alt=media&token=6494f70e-c905-4cd8-8e97-63dd843b6f19','Version 1.0.0','heh',0,'2023-11-11'),(62,27,'https://firebasestorage.googleapis.com/v0/b/kotlin-ecommerce-a7e7c.appspot.com/o/files%2F2022_HC_HC1.pdf?alt=media&token=913a23df-bc92-4547-9a87-55dcae0819e9','Version 1.0.1','hehe update',1,'2023-11-11'),(63,23,'https://firebasestorage.googleapis.com/v0/b/kotlin-ecommerce-a7e7c.appspot.com/o/files%2F2020_MT_KHM.pdf?alt=media&token=44663086-3e3a-4f57-98e5-69d9c656d8a9','Version 1.0.2','Update new file',1,'2023-11-11'),(64,13,'https://firebasestorage.googleapis.com/v0/b/kotlin-ecommerce-a7e7c.appspot.com/o/files%2F00_Course%20outline_updated_1509.pdf?alt=media&token=cc87cbc4-5dcb-4a69-a994-0e76ef6bed6c','Version 1.0.2','updated new version',1,'2023-11-11'),(65,28,'https://firebasestorage.googleapis.com/v0/b/kotlin-ecommerce-a7e7c.appspot.com/o/files%2FDatabase%20Security%20-%20Paper%20-%20HK231.pdf?alt=media&token=21b1bdb8-38ae-48a4-a540-57b366983ad6','Version 1.0.0','Need to be done before 11th November, at 12h30',1,'2023-11-11'),(66,22,'https://firebasestorage.googleapis.com/v0/b/kotlin-ecommerce-a7e7c.appspot.com/o/files%2F4_Black-box%20testing.pdf?alt=media&token=396f9e9e-a82e-41e8-be92-6ed5d237bbf1','Version 1.0.1','Updated version',1,'2023-11-11'),(67,29,'https://firebasestorage.googleapis.com/v0/b/kotlin-ecommerce-a7e7c.appspot.com/o/files%2F4_Black-box%20testing.pdf?alt=media&token=932550e9-1978-4bbe-9494-e39c8c3d7db5','Version 1.0.0','initial',1,'2023-11-11'),(68,30,'https://firebasestorage.googleapis.com/v0/b/kotlin-ecommerce-a7e7c.appspot.com/o/files%2F4_Black-box%20testing.pdf?alt=media&token=d8229829-c3af-438e-9f5e-06b7b41eed5f','Version 1.0.0','dsdsds',1,'2023-11-11');
/*!40000 ALTER TABLE `version` ENABLE KEYS */;
UNLOCK TABLES;
/*!40103 SET TIME_ZONE=@OLD_TIME_ZONE */;

/*!40101 SET SQL_MODE=@OLD_SQL_MODE */;
/*!40014 SET FOREIGN_KEY_CHECKS=@OLD_FOREIGN_KEY_CHECKS */;
/*!40014 SET UNIQUE_CHECKS=@OLD_UNIQUE_CHECKS */;
/*!40101 SET CHARACTER_SET_CLIENT=@OLD_CHARACTER_SET_CLIENT */;
/*!40101 SET CHARACTER_SET_RESULTS=@OLD_CHARACTER_SET_RESULTS */;
/*!40101 SET COLLATION_CONNECTION=@OLD_COLLATION_CONNECTION */;
/*!40111 SET SQL_NOTES=@OLD_SQL_NOTES */;

-- Dump completed on 2023-11-27 19:25:31
